hhid,village_id,treatment,round,fcs,hdds,asset_index,monthly_income_usd,hh_size,female_head,age_head,land_ha,educ_head
1419,14,0,1,55.8,9.1,0.373,101.8,5,1,60,1.31,1
1494,16,0,0,41.2,7.4,0.373,25.8,8,0,56,0.52,1
1490,16,0,0,25.8,6.4,0.313,,7,0,27,0.19,1
1339,12,1,1,39.8,7.2,0.243,65.6,2,0,50,0.1,0
1399,14,0,1,41.6,6.0,0.236,33.3,8,0,35,0.1,0
1035,2,1,0,40.8,1.5,0.156,14.1,7,1,54,0.12,1
1352,12,1,0,34.1,6.1,0.27,82.0,8,0,59,1.51,2
1110,4,1,0,25.9,6.9,0.316,60.6,7,0,36,0.54,3
1548,18,0,0,50.5,3.1,0.408,63.2,5,0,51,0.66,1
1264,10,1,0,46.9,5.5,0.25,91.9,8,0,58,0.61,1
1074,3,1,1,46.4,7.1,0.679,71.6,7,0,31,0.53,1
1527,18,0,1,29.0,5.4,0.298,20.1,4,0,58,0.48,1
1514,17,0,0,35.4,5.3,0.293,14.6,4,0,29,0.1,3
1416,14,0,0,44.4,5.3,0.25,74.0,2,0,47,0.82,1
1427,15,0,0,35.0,4.3,0.431,91.1,8,0,57,0.55,0
1493,16,0,0,33.3,6.0,0.155,70.5,3,1,66,1.68,1
1473,16,0,1,36.1,6.3,0.113,33.9,3,0,64,0.33,0
1501,17,0,1,44.5,10.4,0.161,65.6,6,1,42,0.57,1
1363,13,0,1,18.4,5.9,0.437,,7,0,64,2.44,1
1589,19,0,1,32.2,7.4,0.351,48.1,5,0,46,0.75,1
1187,7,1,0,42.9,6.5,0.387,112.2,3,0,28,2.25,0
1287,10,1,1,36.9,8.1,0.204,46.9,2,1,36,1.85,0
1147,6,1,0,48.6,4.1,0.264,44.1,7,0,36,0.31,1
1604,20,0,1,45.4,6.0,0.374,131.8,3,1,64,0.1,2
1337,12,1,0,24.4,6.9,0.439,41.3,5,1,40,0.99,2
1320,11,1,1,64.1,6.7,0.409,31.1,5,0,26,1.85,2
1448,15,0,0,36.4,6.4,0.582,37.7,6,0,53,2.66,1
1297,11,1,1,44.5,3.7,0.54,53.4,2,1,25,0.17,1
1103,4,1,1,52.2,8.9,0.402,47.1,5,0,48,1.13,0
1138,5,1,1,26.5,6.5,0.616,81.3,5,1,51,0.6,1
1167,6,1,1,45.5,3.9,0.294,32.9,5,0,36,0.6,2
1603,19,0,0,33.1,8.3,0.3,153.3,3,0,26,1.13,2
1221,8,1,0,32.5,8.7,0.251,212.8,4,1,32,1.09,0
1282,10,1,1,33.9,9.8,0.505,72.6,8,1,28,0.17,2
1052,3,1,0,24.6,7.4,0.34,54.7,3,0,51,0.22,0
1165,6,1,0,37.0,4.8,0.515,76.5,8,0,51,1.97,1
1064,3,1,0,27.2,6.7,0.322,75.7,4,1,52,0.86,0
1171,6,1,0,24.2,4.6,0.283,44.0,4,1,38,0.2,1
1382,13,0,1,33.2,4.8,0.104,35.1,7,0,48,0.94,1
1152,6,1,0,16.3,4.8,0.172,42.3,5,0,56,0.52,0
1111,4,1,0,40.5,8.1,0.265,64.3,3,0,55,0.47,1
1186,7,1,1,41.0,9.4,0.703,98.2,8,0,58,0.45,1
1129,5,1,0,33.7,5.8,0.344,143.0,5,0,60,0.11,3
1634,20,0,0,32.2,3.9,0.42,66.0,7,0,39,0.41,0
1042,2,1,1,57.2,6.9,0.564,64.0,3,1,47,0.23,3
1286,10,1,0,30.3,5.5,0.39,98.7,2,0,26,0.11,1
1484,16,0,1,26.8,4.4,0.266,189.8,2,1,26,1.02,1
1526,17,0,0,32.6,4.1,0.29,40.6,3,1,40,0.24,3
1359,12,1,0,24.2,5.7,0.405,32.3,7,0,67,1.08,1
1586,19,0,1,25.4,6.6,0.282,277.0,7,1,56,0.76,1
1238,8,1,0,56.4,7.0,0.299,23.7,4,0,52,0.55,0
1386,13,0,0,35.4,5.1,0.428,123.7,3,0,60,0.62,2
1069,3,1,1,32.2,9.1,0.594,66.3,4,1,36,1.39,1
1149,6,1,1,26.8,7.5,0.339,25.9,7,0,65,0.58,1
1067,3,1,1,40.4,7.4,0.173,63.4,4,0,55,1.32,1
1142,5,1,0,25.2,4.8,0.424,48.5,6,1,33,0.22,1
1590,19,0,1,21.4,7.6,0.387,163.5,7,0,60,0.24,3
1421,14,0,0,32.0,6.9,0.226,160.7,4,0,38,0.51,1
1044,2,1,1,54.5,4.7,0.787,119.4,4,1,55,0.47,2
1493,16,0,1,29.6,6.6,0.212,53.9,3,1,66,1.68,1
1344,12,1,1,16.5,5.1,0.24,127.9,5,1,27,0.2,0
1535,18,0,0,32.7,7.0,0.254,101.9,3,1,67,0.57,1
1105,4,1,1,60.1,8.0,0.395,17.8,5,0,56,2.15,1
1463,16,0,0,33.4,7.6,0.35,48.5,5,0,30,0.81,1
1052,3,1,1,36.7,10.1,0.509,49.9,3,0,51,0.22,0
1468,16,0,0,35.3,4.6,0.32,41.9,3,1,24,2.1,1
1507,17,0,1,51.6,5.3,0.276,29.5,4,0,43,0.44,0
1447,15,0,0,27.9,5.2,0.274,86.7,5,1,35,1.01,2
1599,19,0,1,25.8,4.0,0.357,49.7,2,0,52,0.43,0
1152,6,1,1,21.4,5.9,0.326,54.1,5,0,56,0.52,0
1099,4,1,0,25.4,6.0,0.205,65.4,4,0,47,,2
1285,10,1,1,31.7,8.9,0.39,51.0,2,1,64,0.1,2
1205,8,1,0,39.0,4.7,0.08,100.0,5,1,40,,0
1520,17,0,1,50.7,4.3,0.515,53.6,2,1,44,1.32,2
1290,11,1,0,40.8,6.0,0.205,83.6,3,0,46,1.05,0
1323,12,1,1,35.2,7.5,0.529,41.6,7,0,47,0.36,1
1345,12,1,1,31.2,7.3,0.324,29.8,5,1,56,0.3,2
1086,3,1,1,46.1,6.1,0.642,47.5,5,0,34,1.57,2
1315,11,1,1,47.2,8.3,0.411,74.3,2,1,47,0.1,1
1069,3,1,0,24.8,6.8,0.331,,4,1,36,1.39,1
1288,10,1,1,55.2,6.6,0.432,52.2,7,0,29,2.19,1
1504,17,0,1,27.7,5.8,0.229,52.7,2,0,40,0.58,1
1041,2,1,1,45.6,6.1,0.633,66.9,8,1,63,0.1,0
1640,20,0,1,48.5,4.4,0.264,70.6,8,0,29,0.1,1
1421,14,0,1,28.6,7.7,0.325,191.9,4,0,38,0.51,1
1114,4,1,0,37.5,6.0,0.29,76.8,5,0,40,3.32,0
1180,7,1,0,42.6,3.1,0.324,72.8,2,0,29,,2
1431,15,0,0,34.1,4.9,0.225,53.6,6,1,60,0.1,1
1532,18,0,0,40.7,6.8,0.455,22.9,4,0,36,0.36,3
1281,10,1,0,28.4,5.2,0.352,92.8,2,0,34,1.4,1
1098,4,1,1,42.8,7.8,0.087,65.3,2,1,46,0.67,0
1446,15,0,0,34.2,7.2,0.297,19.3,2,1,30,2.39,1
1259,9,1,1,36.9,7.3,0.716,159.2,2,0,38,0.2,1
1620,20,0,1,39.3,5.1,0.232,39.8,6,1,61,0.71,2
1094,4,1,1,39.5,9.6,0.282,93.9,4,0,63,1.03,1
1472,16,0,0,35.8,4.5,0.248,176.3,4,1,34,0.24,1
1424,14,0,1,33.3,7.2,0.217,35.3,7,0,31,0.52,2
1455,15,0,0,34.9,3.9,0.388,49.5,8,1,26,0.82,1
1252,9,1,1,39.8,7.7,0.605,156.4,2,0,36,0.1,1
1240,8,1,1,54.9,6.6,0.54,51.8,8,0,67,0.63,1
1028,2,1,0,45.3,5.0,0.319,90.6,7,0,46,0.44,1
1289,11,1,1,53.1,6.5,0.121,79.9,8,0,36,1.65,3
1208,8,1,0,35.6,9.0,0.332,67.5,5,0,64,1.77,2
1469,16,0,1,47.1,5.9,0.078,96.6,6,0,46,1.4,1
1611,20,0,0,33.6,6.0,0.318,51.8,6,1,65,0.11,1
1034,2,1,1,43.3,9.1,0.549,75.5,5,0,65,2.22,0
1109,4,1,0,40.6,5.4,0.349,33.7,3,1,24,0.11,2
1001,1,1,1,52.3,5.7,0.481,122.5,7,1,35,0.65,2
1028,2,1,1,58.3,7.2,0.511,,7,0,46,0.44,1
1368,13,0,0,53.6,8.4,0.417,33.9,6,0,66,1.52,2
1179,7,1,1,49.8,4.2,0.228,99.8,2,1,48,0.3,1
1637,20,0,1,42.0,6.4,0.203,75.7,7,1,24,0.71,2
1351,12,1,0,35.7,6.1,0.611,89.4,8,0,24,0.98,2
1449,15,0,1,38.7,5.7,0.179,41.2,5,1,23,0.56,1
1047,2,1,0,38.1,4.5,0.303,95.8,2,0,55,0.16,1
1253,9,1,0,26.0,7.5,0.395,120.3,4,1,35,1.83,1
1229,8,1,1,38.6,6.9,0.356,78.9,2,1,29,1.51,1
1102,4,1,0,29.0,4.8,0.42,43.0,8,0,65,0.12,1
1555,18,0,1,46.9,6.4,0.201,14.2,5,0,57,0.88,1
1117,4,1,1,49.1,8.3,0.652,66.9,2,0,47,0.48,2
1095,4,1,1,25.7,8.8,0.187,40.4,8,0,56,1.31,1
1143,5,1,1,36.0,6.5,0.353,69.3,2,0,40,0.17,0
1254,9,1,0,23.8,7.6,0.317,75.9,5,0,43,1.47,1
1318,11,1,1,48.2,7.9,0.227,29.8,2,1,59,0.1,2
1066,3,1,1,32.4,6.9,0.301,28.7,7,0,52,0.23,0
1613,20,0,1,43.7,5.4,0.404,35.3,7,1,64,0.1,1
1329,12,1,0,30.2,7.3,0.275,68.7,2,1,31,2.56,1
1249,9,1,1,40.4,7.2,0.237,71.0,3,0,27,0.41,3
1448,15,0,1,38.2,6.8,0.395,26.1,6,0,53,2.66,1
1049,3,1,1,44.5,9.1,0.219,100.2,7,0,37,0.96,1
1553,18,0,1,27.6,8.6,0.032,55.9,3,0,55,0.19,1
1078,3,1,1,32.6,7.3,0.134,37.5,3,0,61,0.35,0
1465,16,0,1,37.7,5.1,0.299,78.9,8,1,37,0.62,2
1190,7,1,0,30.6,5.5,0.377,47.4,5,0,28,0.4,1
1146,6,1,1,38.0,7.5,0.489,74.6,2,0,64,0.3,1
1557,18,0,0,47.3,8.0,0.278,42.7,7,0,34,0.43,0
1384,13,0,1,36.8,8.5,0.46,36.7,7,0,47,0.97,2
1491,16,0,1,36.1,7.5,0.294,48.9,7,1,31,0.19,2
1090,4,1,1,42.6,6.9,0.413,129.3,4,1,35,0.43,3
1396,14,0,0,50.4,4.9,0.361,36.5,4,0,44,1.77,0
1540,18,0,1,30.5,3.5,0.245,,8,0,49,0.17,2
1129,5,1,1,44.1,5.7,0.363,,5,0,60,0.11,3
1113,4,1,1,32.3,5.0,0.268,128.4,7,0,45,0.49,0
1061,3,1,0,41.7,4.9,0.351,73.6,8,1,60,0.1,2
1638,20,0,0,28.6,6.8,0.381,30.3,4,0,34,0.43,2
1219,8,1,1,37.3,4.0,0.368,71.1,8,0,43,0.13,1
1501,17,0,0,39.8,9.0,0.206,28.5,6,1,42,0.57,1
1450,15,0,1,33.7,7.6,0.367,93.7,6,0,31,0.58,1
1400,14,0,0,46.2,7.2,0.196,81.6,4,1,41,0.1,1
1285,10,1,0,24.6,6.5,0.352,75.2,2,1,64,0.1,2
1639,20,0,0,31.3,5.4,0.262,151.7,7,1,52,0.11,1
1217,8,1,0,38.7,5.1,0.282,74.1,7,0,33,1.26,1
1618,20,0,0,36.0,4.9,0.308,,5,0,56,0.47,2
1176,6,1,1,52.3,10.3,0.207,,5,0,59,0.91,1
1565,18,0,1,59.3,3.3,0.316,49.0,6,1,38,0.71,1
1634,20,0,1,33.6,3.5,0.466,,7,0,39,0.41,0
1508,17,0,0,41.1,5.6,0.234,100.8,5,0,65,2.0,1
1585,19,0,1,39.5,6.0,0.282,121.6,3,1,56,1.34,0
1356,12,1,0,36.5,5.8,0.441,51.6,5,0,67,0.15,1
1010,1,1,0,45.9,4.4,0.4,73.9,6,1,37,0.26,1
1588,19,0,1,38.3,5.9,0.356,20.3,6,0,33,0.34,2
1054,3,1,0,33.8,7.5,0.41,66.2,4,0,37,,3
1016,1,1,0,34.8,4.1,0.284,68.8,5,1,60,1.23,1
1263,10,1,0,30.6,8.0,0.247,54.4,3,0,36,0.36,3
1489,16,0,0,30.8,5.4,0.311,,7,0,40,0.1,1
1191,7,1,1,46.6,9.1,0.411,,7,0,54,0.73,1
1041,2,1,0,29.5,5.1,0.245,42.5,8,1,63,0.1,0
1173,6,1,0,24.6,3.6,0.218,43.4,3,1,35,0.49,1
1511,17,0,0,38.1,3.0,0.323,49.7,7,0,64,0.17,0
1009,1,1,1,38.3,8.0,0.448,61.5,5,0,46,0.22,2
1063,3,1,1,41.2,6.6,0.63,134.3,4,1,36,0.61,0
1633,20,0,0,38.6,3.0,0.231,24.6,8,0,67,0.22,1
1084,3,1,0,37.3,7.1,0.168,100.0,6,0,27,0.27,3
1018,1,1,1,40.7,6.5,0.106,182.2,2,1,23,0.88,1
1306,11,1,1,50.8,6.6,0.766,68.1,5,0,59,2.56,1
1518,17,0,0,26.9,7.5,0.419,22.0,3,0,44,0.36,1
1559,18,0,0,38.1,5.2,0.321,47.7,2,0,66,0.18,2
1445,15,0,1,41.2,4.8,0.432,65.5,7,0,43,0.88,1
1229,8,1,0,24.3,6.2,0.37,53.4,2,1,29,1.51,1
1378,13,0,1,37.2,4.5,0.245,93.2,2,0,35,0.1,1
1595,19,0,0,20.7,6.7,0.282,101.2,2,1,26,0.1,1
1206,8,1,1,40.1,9.0,0.404,42.8,2,0,50,0.11,1
1286,10,1,1,35.6,6.7,0.267,117.0,2,0,26,0.11,1
1097,4,1,0,43.7,5.0,0.262,33.1,4,1,66,1.06,0
1470,16,0,1,38.5,5.1,0.493,72.2,5,0,38,1.88,1
1525,17,0,1,34.1,5.5,0.399,147.2,6,1,59,0.5,2
1388,13,0,1,50.8,5.6,0.38,81.4,5,1,54,0.32,1
1435,15,0,1,38.2,4.3,0.243,153.0,6,0,60,0.86,0
1126,5,1,0,31.4,4.8,0.263,34.9,4,0,42,0.1,0
1386,13,0,1,38.9,6.8,0.358,169.0,3,0,60,0.62,2
1055,3,1,0,48.9,4.3,0.414,11.4,5,0,54,1.01,3
1279,10,1,0,19.5,6.5,0.271,24.0,4,1,32,0.76,1
1124,5,1,0,32.8,2.1,0.269,32.1,3,0,50,0.11,3
1100,4,1,0,25.3,5.7,0.328,185.3,8,0,54,1.01,1
1505,17,0,0,41.3,4.8,0.169,37.1,7,1,24,0.34,1
1177,6,1,1,46.4,8.9,0.705,40.4,5,0,35,1.52,2
1636,20,0,0,37.1,7.9,0.202,40.8,6,0,47,0.1,0
1485,16,0,0,38.7,7.1,0.406,51.3,4,0,24,0.63,2
1098,4,1,0,17.4,5.4,0.217,48.9,2,1,46,0.67,0
1534,18,0,0,39.0,7.4,0.399,131.9,4,0,30,0.57,1
1452,15,0,0,31.7,5.5,0.352,47.4,4,0,26,0.76,2
1033,2,1,1,38.4,6.1,0.276,120.1,2,1,38,1.18,1
1619,20,0,0,39.5,6.7,0.45,37.0,3,0,28,0.99,0
1523,17,0,1,38.7,7.3,0.218,144.0,3,0,65,0.87,1
1509,17,0,0,28.2,4.0,0.52,40.4,8,0,25,1.49,2
1375,13,0,0,46.0,3.5,0.323,70.2,6,0,43,0.86,1
1013,1,1,0,46.5,6.8,0.268,109.8,5,1,26,1.6,1
1558,18,0,0,34.3,4.9,0.166,121.3,6,1,42,0.2,1
1591,19,0,0,23.2,5.3,0.37,110.0,8,0,66,0.1,1
1326,12,1,0,47.9,6.2,0.155,35.4,3,0,33,0.2,1
1566,18,0,0,31.8,4.1,0.351,64.4,6,0,47,0.19,0
1049,3,1,0,37.1,8.1,0.335,88.4,7,0,37,0.96,1
1014,1,1,0,28.7,6.0,0.288,32.3,5,0,53,0.12,1
1218,8,1,1,38.1,6.3,0.307,59.9,7,0,34,0.12,2
1507,17,0,0,49.7,4.7,0.255,32.2,4,0,43,0.44,0
1601,19,0,1,37.6,5.7,0.416,63.1,5,0,60,1.18,1
1564,18,0,1,30.3,5.4,0.36,52.8,3,1,52,0.68,0
1075,3,1,1,37.8,7.0,0.779,84.9,6,0,29,0.44,1
1584,19,0,1,15.0,5.3,0.611,44.8,8,0,47,0.82,1
1538,18,0,1,42.3,7.7,0.163,70.6,4,0,61,3.27,1
1021,1,1,0,31.6,3.9,0.136,166.3,5,1,35,0.1,2
1306,11,1,0,37.0,5.8,0.367,57.2,5,0,59,2.56,1
1570,19,0,0,36.3,4.9,0.141,43.6,2,0,37,1.11,0
1571,19,0,1,32.9,6.3,0.323,77.7,8,0,25,0.1,1
1104,4,1,1,36.4,7.3,0.184,,6,0,50,0.36,0
1370,13,0,0,35.6,9.0,0.282,72.0,8,0,62,0.98,2
1314,11,1,1,41.5,5.2,0.427,47.2,2,0,59,0.25,1
1624,20,0,1,49.9,4.9,0.459,59.0,2,0,43,,3
1504,17,0,0,24.7,5.1,0.121,49.2,2,0,40,0.58,1
1512,17,0,1,43.5,5.6,0.137,36.1,5,0,59,1.21,1
1171,6,1,1,39.1,4.7,0.487,31.6,4,1,38,0.2,1
1206,8,1,0,33.6,5.7,0.245,50.9,2,0,50,,1
1531,18,0,0,38.3,5.8,0.233,76.2,7,0,52,0.26,1
1242,9,1,0,22.3,6.8,0.362,28.2,4,1,67,1.27,1
1380,13,0,0,34.7,5.2,0.303,27.7,2,1,55,1.92,1
1115,4,1,1,37.9,5.3,0.478,50.6,7,0,42,0.12,1
1319,11,1,0,31.7,5.5,0.453,30.1,4,1,23,1.75,2
1436,15,0,1,20.0,3.7,0.427,53.7,3,0,43,0.1,0
1018,1,1,0,25.1,6.1,0.248,136.2,2,1,23,0.88,1
1430,15,0,1,43.5,5.8,0.423,77.1,8,1,29,0.5,2
1479,16,0,0,46.1,6.8,0.324,26.3,8,0,23,2.73,1
1550,18,0,1,59.7,4.7,0.487,100.2,7,0,64,0.76,1
1541,18,0,0,37.6,6.9,0.4,113.2,6,1,48,2.87,1
1198,7,1,1,33.5,9.1,0.448,67.0,5,0,67,1.0,1
1400,14,0,1,49.7,7.1,0.258,100.7,4,1,41,0.1,1
1383,13,0,1,36.0,4.4,0.416,30.3,3,0,56,0.56,3
1116,4,1,0,10.2,5.8,0.318,95.6,3,0,53,0.1,1
1425,15,0,1,28.8,6.4,0.213,71.9,4,0,49,1.56,1
1474,16,0,0,38.8,5.9,0.363,78.1,2,0,50,1.82,1
1607,20,0,0,46.4,5.2,0.353,42.0,2,0,67,0.42,1
1408,14,0,0,33.2,3.9,0.227,105.9,3,0,39,0.78,1
1397,14,0,0,41.2,8.0,0.433,46.8,2,0,50,2.73,1
1158,6,1,0,36.4,5.3,0.334,40.2,2,1,44,1.27,1
1002,1,1,1,48.9,8.6,0.532,62.7,3,0,52,0.49,1
1469,16,0,0,47.5,6.0,0.159,85.6,6,0,46,1.4,1
1131,5,1,1,30.6,7.8,0.434,,5,1,37,0.5,2
1141,5,1,0,46.1,3.8,0.378,78.4,2,0,59,0.1,2
1346,12,1,1,56.7,6.7,0.303,55.8,6,0,25,1.0,2
1308,11,1,1,42.1,6.6,0.341,40.4,3,0,29,0.38,2
1261,10,1,1,52.3,7.3,0.5,66.5,7,1,57,0.25,1
1612,20,0,1,48.3,7.7,0.261,53.2,5,1,53,0.72,1
1596,19,0,1,21.8,3.8,0.367,26.8,3,0,52,0.76,0
1096,4,1,1,48.8,7.7,0.161,86.2,2,1,31,0.69,1
1225,8,1,0,22.7,5.7,0.327,40.3,8,0,54,0.1,1
1309,11,1,0,27.0,5.8,0.392,47.9,8,0,23,0.51,1
1413,14,0,0,31.6,5.0,0.254,28.5,7,0,29,0.22,0
1284,10,1,0,17.7,5.3,0.256,38.2,3,0,62,0.68,1
1373,13,0,1,37.6,6.4,0.317,79.0,5,1,50,0.78,1
1224,8,1,1,37.4,5.7,0.715,43.9,8,0,27,1.32,1
1565,18,0,0,54.7,3.5,0.267,77.9,6,1,38,0.71,1
1144,5,1,1,34.3,4.5,0.496,48.9,6,0,63,,1
1024,2,1,0,26.0,6.1,0.16,75.8,5,1,56,0.25,1
1016,1,1,1,48.5,5.5,0.224,81.7,5,1,60,1.23,1
1204,8,1,1,55.8,7.5,0.367,158.7,8,1,41,5.0,2
1499,16,0,0,48.1,4.9,0.206,95.3,6,0,28,0.34,2
1185,7,1,1,49.8,8.4,0.493,,5,0,42,0.66,2
1587,19,0,0,34.7,8.0,0.256,36.8,4,1,46,0.72,1
1583,19,0,1,42.7,6.9,0.513,82.5,8,0,57,1.79,2
1389,13,0,1,33.5,6.4,0.418,25.9,7,0,43,0.85,1
1032,2,1,1,48.2,8.2,0.436,69.1,5,1,35,0.14,1
1362,13,0,0,15.3,6.5,0.436,32.1,2,0,42,0.1,2
1406,14,0,1,53.3,8.3,0.157,55.2,5,1,47,0.17,2
1462,16,0,1,37.2,6.0,0.516,6.5,2,0,61,1.03,1
1627,20,0,1,58.4,5.2,0.248,70.4,7,1,48,,1
1025,2,1,1,43.8,5.0,0.207,52.0,7,0,34,0.48,2
1295,11,1,1,40.7,7.1,0.119,152.2,7,0,32,0.1,1
1232,8,1,0,27.0,3.9,0.451,59.4,4,1,47,0.75,1
1148,6,1,0,41.5,5.5,0.323,36.9,4,1,60,0.1,3
1168,6,1,0,38.8,5.3,0.303,33.9,4,0,33,1.24,1
1413,14,0,1,31.4,4.7,0.282,23.6,7,0,29,0.22,0
1071,3,1,0,27.7,6.9,0.216,67.3,2,1,62,,1
1475,16,0,0,39.8,5.7,0.245,76.8,2,0,41,1.23,1
1038,2,1,1,48.4,6.8,0.344,147.8,2,1,55,0.1,0
1172,6,1,0,39.0,7.3,0.208,44.1,2,0,40,0.12,3
1432,15,0,0,26.5,6.0,0.238,40.9,3,0,62,0.2,0
1169,6,1,0,25.5,6.4,0.311,150.6,6,0,43,0.8,1
1265,10,1,0,36.3,7.3,0.435,38.8,2,0,53,0.15,2
1348,12,1,0,26.2,3.5,0.258,54.8,8,0,30,0.3,1
1273,10,1,0,25.9,5.8,0.397,,4,0,32,0.1,1
1116,4,1,1,13.6,6.5,0.152,100.9,3,0,53,0.1,1
1378,13,0,0,33.1,5.5,0.4,118.6,2,0,35,0.1,1
1302,11,1,1,33.5,6.9,0.071,78.0,7,0,23,0.22,2
1325,12,1,1,62.5,5.5,0.288,20.3,4,1,49,0.22,3
1043,2,1,0,42.3,3.0,0.114,165.1,3,0,28,,1
1283,10,1,1,49.3,6.9,0.246,120.4,8,1,48,0.15,2
1467,16,0,1,47.1,3.8,0.271,119.2,3,1,33,3.47,1
1512,17,0,0,43.4,6.9,0.261,34.9,5,0,59,1.21,1
1133,5,1,0,24.4,6.3,0.405,60.6,2,1,61,0.36,1
1410,14,0,0,40.8,8.2,0.12,97.8,3,1,34,0.1,2
1039,2,1,0,33.4,7.1,0.391,107.2,4,0,40,0.1,1
1307,11,1,0,25.8,7.2,0.152,85.3,5,1,37,1.32,1
1353,12,1,1,49.1,6.9,0.311,57.3,5,0,24,1.91,2
1453,15,0,0,33.1,3.9,0.213,43.4,7,0,41,0.27,1
1398,14,0,0,49.3,7.0,0.332,58.8,4,0,33,0.9,2
1271,10,1,0,33.1,7.5,0.403,38.8,4,1,40,2.39,2
1327,12,1,0,22.6,6.2,0.127,120.0,8,1,37,,1
1486,16,0,1,23.6,7.7,0.255,145.6,8,0,27,1.5,1
1167,6,1,0,38.8,3.4,0.283,37.0,5,0,36,0.6,2
1481,16,0,1,24.2,5.9,0.267,55.4,2,0,54,0.92,1
1072,3,1,0,20.6,6.9,0.34,125.9,2,0,37,,0
1417,14,0,0,32.2,7.6,0.318,141.1,8,1,51,0.29,2
1140,5,1,1,36.3,6.4,0.249,146.4,6,0,37,1.4,0
1474,16,0,1,34.3,6.0,0.283,106.3,2,0,50,1.82,1
1566,18,0,1,31.0,5.0,0.384,61.1,6,0,47,0.19,0
1333,12,1,1,35.3,10.1,0.765,99.8,7,0,54,0.27,2
1192,7,1,1,49.7,6.5,0.53,88.8,3,0,57,0.21,1
1317,11,1,0,21.2,4.3,0.225,125.6,8,0,42,0.1,1
1331,12,1,0,24.4,4.1,0.353,26.6,2,0,46,0.98,0
1005,1,1,0,47.0,7.2,0.238,96.8,7,0,25,0.27,3
1419,14,0,0,54.2,8.0,0.284,90.3,5,1,60,1.31,1
1017,1,1,1,51.7,8.0,0.02,50.2,2,1,48,0.1,1
1569,18,0,1,28.8,4.9,0.413,42.8,8,1,66,0.43,0
1237,8,1,1,32.8,10.5,0.194,57.9,8,1,58,0.96,0
1013,1,1,1,63.9,9.3,0.681,110.3,5,1,26,1.6,1
1551,18,0,1,37.5,4.4,0.179,25.7,5,0,58,0.1,1
1574,19,0,0,33.8,2.1,0.214,127.1,2,0,26,0.67,0
1373,13,0,0,33.3,5.9,0.321,79.0,5,1,50,0.78,1
1239,8,1,1,36.8,4.2,0.394,90.8,3,1,22,1.01,1
1490,16,0,1,25.1,6.9,0.424,65.7,7,0,27,0.19,1
1095,4,1,0,20.1,6.6,0.24,34.7,8,0,56,1.31,1
1096,4,1,0,30.8,5.9,0.217,126.5,2,1,31,0.69,1
1111,4,1,1,44.5,10.3,0.145,65.5,3,0,55,0.47,1
1134,5,1,1,34.2,5.7,0.412,,7,0,47,1.36,1
1364,13,0,0,27.9,9.0,0.382,48.6,4,0,40,0.46,2
1537,18,0,0,30.9,7.3,0.333,61.9,3,0,58,0.58,2
1322,12,1,1,31.8,5.8,0.228,75.8,6,1,40,0.65,1
1059,3,1,0,26.0,5.6,0.244,58.6,5,0,33,0.29,2
1312,11,1,1,30.9,9.3,0.351,73.2,3,0,61,0.38,0
1409,14,0,0,44.3,3.6,0.415,51.5,3,1,56,0.74,1
1150,6,1,1,44.9,6.8,0.51,86.6,2,1,66,0.14,1
1025,2,1,0,34.2,4.9,0.225,37.5,7,0,34,0.48,2
1085,3,1,1,45.5,5.5,0.325,56.0,5,0,62,0.91,0
1048,2,1,1,42.2,7.3,0.355,43.4,3,1,63,0.22,2
1433,15,0,0,30.5,5.5,0.3,56.7,3,1,26,0.64,1
1245,9,1,0,32.9,2.3,0.373,68.0,8,0,26,0.1,0
1026,2,1,0,42.0,8.3,0.459,73.2,5,0,67,1.18,0
1118,4,1,1,40.4,6.7,0.414,42.5,2,0,23,0.32,1
1532,18,0,1,35.6,6.4,0.605,16.5,4,0,36,0.36,3
1223,8,1,0,42.9,8.3,0.384,,6,0,42,4.11,1
1021,1,1,1,49.0,6.2,0.074,132.1,5,1,35,0.1,2
1106,4,1,0,38.9,7.1,0.344,35.7,3,0,33,1.48,3
1500,17,0,1,29.5,7.6,0.308,33.4,6,0,67,0.88,1
1131,5,1,0,17.6,6.3,0.357,100.6,5,1,37,0.5,2
1154,6,1,0,39.6,6.2,0.214,100.9,4,0,57,0.38,1
1304,11,1,1,31.2,4.7,0.212,26.9,8,1,52,0.12,1
1405,14,0,1,25.1,5.8,0.144,26.5,3,0,38,0.14,2
1139,5,1,1,36.9,6.7,0.303,72.1,4,0,59,0.51,2
1618,20,0,1,39.9,6.1,0.334,66.3,5,0,56,0.47,2
1604,20,0,0,46.6,6.2,0.364,85.6,3,1,64,0.1,2
1452,15,0,1,33.9,5.0,0.37,32.9,4,0,26,0.76,2
1638,20,0,1,33.1,5.3,0.467,21.7,4,0,34,0.43,2
1076,3,1,0,28.6,6.6,0.13,141.6,5,1,57,0.25,1
1037,2,1,0,26.4,5.2,0.204,66.8,6,0,55,0.24,1
1483,16,0,1,45.0,6.3,0.267,44.2,2,1,56,0.17,2
1542,18,0,0,28.4,6.6,0.261,41.5,8,1,38,1.38,1
1082,3,1,1,52.8,7.5,0.604,74.2,3,1,52,1.75,3
1414,14,0,1,27.9,4.1,0.542,133.7,7,0,36,0.1,3
1523,17,0,0,36.6,5.5,0.213,108.3,3,0,65,0.87,1
1621,20,0,0,46.5,4.5,0.309,62.4,2,1,33,1.6,3
1441,15,0,1,33.6,8.1,0.257,79.1,6,0,37,4.47,1
1200,7,1,0,34.8,7.6,0.276,45.5,2,0,30,0.29,1
1602,19,0,1,29.7,6.0,0.438,87.3,6,0,40,2.02,1
1135,5,1,0,26.1,6.3,0.311,60.0,5,0,54,1.89,1
1246,9,1,1,37.2,7.5,0.513,108.0,3,1,26,0.96,1
1260,10,1,0,44.0,4.2,0.233,14.4,7,1,52,0.47,0
1335,12,1,0,41.5,6.8,0.324,101.8,5,0,36,0.1,2
1023,2,1,1,38.8,6.7,0.635,62.8,6,0,56,0.62,1
1004,1,1,0,31.4,6.6,0.355,104.8,2,0,49,0.1,3
1503,17,0,1,40.8,5.9,0.275,32.4,7,1,31,0.75,1
1211,8,1,0,45.4,6.1,0.34,60.3,6,0,51,0.47,2
1197,7,1,0,29.6,8.3,0.302,39.8,7,1,42,0.99,1
1010,1,1,1,59.6,4.8,0.342,108.6,6,1,37,0.26,1
1569,18,0,0,31.2,5.0,0.32,36.1,8,1,66,0.43,0
1451,15,0,1,37.3,6.7,0.127,51.7,7,0,63,2.93,0
1027,2,1,0,25.0,4.3,0.232,33.7,2,1,42,0.1,1
1325,12,1,0,46.5,5.6,0.349,20.5,4,1,49,0.22,3
1458,15,0,0,45.1,7.8,0.184,74.7,8,0,30,1.51,1
1369,13,0,1,27.9,7.6,0.31,49.2,3,0,65,0.18,3
1545,18,0,1,47.0,4.5,0.419,44.4,7,1,42,1.67,2
1291,11,1,1,44.8,5.5,0.372,63.2,7,0,34,0.31,1
1062,3,1,0,27.2,6.9,0.431,78.9,6,1,26,0.78,2
1341,12,1,1,52.3,8.7,0.503,296.9,8,1,51,1.14,1
1442,15,0,1,32.9,3.7,0.46,21.1,2,0,31,0.1,2
1189,7,1,1,52.5,7.7,0.234,168.3,5,0,32,0.25,0
1340,12,1,0,42.1,6.9,0.347,55.5,4,0,31,0.1,2
1624,20,0,0,47.0,4.0,0.27,51.9,2,0,43,2.07,3
1598,19,0,1,23.7,3.0,0.343,80.7,6,0,24,0.11,2
1390,13,0,0,48.0,5.0,0.416,64.5,6,0,23,0.23,2
1598,19,0,0,21.3,4.3,0.258,86.7,6,0,24,0.11,2
1059,3,1,1,38.7,8.2,0.069,53.7,5,0,33,0.29,2
1202,8,1,1,42.3,7.7,0.386,37.0,7,1,29,0.45,0
1464,16,0,0,29.4,5.2,0.272,44.1,3,1,36,2.49,1
1505,17,0,0,41.3,4.8,0.169,37.1,7,1,24,0.34,1
1250,9,1,0,41.0,7.2,0.389,298.5,3,0,66,0.35,2
1600,19,0,1,26.0,7.7,0.381,45.9,2,0,65,0.4,1
1329,12,1,1,43.8,9.8,0.431,66.5,2,1,31,2.56,1
1009,1,1,0,33.8,7.4,0.288,34.7,5,0,46,0.22,2
1156,6,1,1,32.3,5.3,0.177,93.6,3,0,57,0.1,0
1026,2,1,1,52.2,8.5,0.489,75.7,5,0,67,1.18,0
1455,15,0,1,41.1,4.1,0.283,33.7,8,1,26,0.82,1
1301,11,1,0,31.3,7.5,0.311,61.4,8,0,26,0.83,1
1081,3,1,1,31.8,5.0,0.306,45.3,8,0,64,0.1,2
1377,13,0,1,45.8,7.1,0.423,52.2,7,0,65,1.2,0
1128,5,1,0,22.7,6.4,0.228,44.4,6,1,65,1.61,1
1075,3,1,0,29.4,6.4,0.398,81.9,6,0,29,0.44,1
1142,5,1,1,39.7,7.5,0.69,100.3,6,1,33,0.22,1
1077,3,1,1,45.0,8.2,0.191,32.1,7,1,65,0.46,3
1332,12,1,1,34.5,6.3,0.441,79.2,7,0,56,0.52,1
1058,3,1,0,49.6,4.1,0.223,79.2,5,1,42,0.1,1
1438,15,0,1,45.1,6.1,0.109,94.7,2,0,65,0.83,0
1089,4,1,0,43.6,3.6,0.428,93.3,3,1,34,0.1,2
1573,19,0,0,30.1,7.9,0.383,91.6,6,0,46,1.82,2
1298,11,1,0,30.2,5.9,0.363,59.8,3,1,42,1.41,1
1556,18,0,1,30.7,5.1,0.02,106.7,5,0,37,0.29,1
1218,8,1,0,25.5,5.6,0.384,51.8,7,0,34,0.12,2
1092,4,1,1,37.7,8.8,0.692,55.7,6,0,53,1.52,1
1374,13,0,1,23.9,8.5,0.216,111.3,5,0,32,1.4,1
1093,4,1,1,31.5,7.7,0.307,,6,1,64,0.28,1
1345,12,1,0,19.9,6.4,0.426,27.7,5,1,56,0.3,2
1235,8,1,1,57.2,9.6,0.02,60.4,5,1,35,0.22,2
1586,19,0,0,30.0,5.9,0.281,221.1,7,1,56,0.76,1
1415,14,0,0,19.6,7.9,0.288,119.7,8,1,42,0.85,2
1108,4,1,1,40.7,3.8,0.543,98.5,8,0,50,0.75,1
1336,12,1,1,46.7,7.1,0.447,81.1,2,0,38,3.09,2
1527,18,0,0,27.8,6.2,0.213,25.0,4,0,58,0.48,1
1617,20,0,1,45.2,6.9,0.327,59.5,5,0,37,1.66,1
1454,15,0,1,24.6,6.2,0.267,55.6,4,1,31,1.18,0
1209,8,1,1,43.9,10.9,0.444,34.7,4,1,35,0.55,2
1411,14,0,0,49.9,5.4,0.359,68.7,8,0,28,0.49,1
1294,11,1,1,44.7,9.1,0.476,,6,0,24,2.8,0
1478,16,0,1,32.3,5.8,0.309,87.7,5,1,62,0.28,1
1267,10,1,0,31.1,5.4,0.214,59.6,5,1,63,0.5,1
1007,1,1,0,18.5,6.8,0.19,52.9,7,1,50,0.48,1
1529,18,0,0,42.3,5.7,0.336,62.2,5,0,43,3.38,1
1123,5,1,0,29.7,5.4,0.373,73.7,6,1,66,0.17,2
1061,3,1,1,55.8,5.7,0.387,148.0,8,1,60,0.1,2
1139,5,1,0,23.6,5.6,0.364,36.9,4,0,59,0.51,2
1164,6,1,0,21.5,6.9,0.368,128.2,8,1,51,,2
1409,14,0,1,51.0,3.6,0.254,45.3,3,1,56,0.74,1
1162,6,1,1,39.4,5.6,0.717,82.2,3,1,33,2.14,2
1109,4,1,1,59.4,5.2,0.727,34.8,3,1,24,0.11,2
1485,16,0,1,43.3,7.9,0.461,50.7,4,0,24,0.63,2
1044,2,1,0,43.6,4.4,0.315,151.4,4,1,55,0.47,2
1196,7,1,1,48.3,9.0,0.25,43.4,5,1,39,0.21,0
1412,14,0,1,28.7,5.3,0.446,28.5,7,1,46,0.54,1
1482,16,0,1,41.1,5.2,0.115,55.0,7,0,26,0.64,1
1320,11,1,0,52.3,4.9,0.441,21.2,5,0,26,1.85,2
1232,8,1,1,41.4,4.4,0.561,70.8,4,1,47,0.75,1
1227,8,1,1,54.0,9.9,0.696,111.4,3,1,48,,2
1003,1,1,1,30.4,5.4,0.375,77.9,7,0,52,0.41,1
1295,11,1,0,34.9,5.9,0.192,183.9,7,0,32,0.1,1
1233,8,1,0,36.3,6.5,0.295,55.9,4,1,33,0.1,2
1612,20,0,0,46.0,8.4,0.32,59.2,5,1,53,0.72,1
1024,2,1,1,33.9,8.4,0.024,89.8,5,1,56,0.25,1
1073,3,1,1,44.5,10.1,0.332,79.1,7,1,59,1.2,3
1020,1,1,0,41.9,5.7,0.185,72.7,2,1,42,0.6,0
1451,15,0,0,29.2,6.3,0.22,71.3,7,0,63,2.93,0
1366,13,0,1,34.1,6.0,0.392,87.3,8,1,62,0.1,1
1375,13,0,1,52.8,4.0,0.441,70.7,6,0,43,0.86,1
1079,3,1,1,40.1,5.9,0.521,91.7,8,0,56,0.42,2
1440,15,0,1,40.5,6.6,0.547,29.5,2,1,24,0.58,2
1607,20,0,1,49.9,5.6,0.411,31.5,2,0,67,,1
1519,17,0,0,34.8,5.1,0.298,117.5,2,0,46,0.1,1
1264,10,1,1,60.2,7.9,0.063,96.8,8,0,58,0.61,1
1351,12,1,1,42.4,8.5,0.668,196.7,8,0,24,0.98,2
1138,5,1,0,19.4,5.9,0.391,54.4,5,1,51,0.6,1
1035,2,1,1,52.3,2.6,0.307,16.0,7,1,54,0.12,1
1464,16,0,1,31.0,4.7,0.057,44.6,3,1,36,2.49,1
1579,19,0,0,39.2,6.2,0.262,73.3,5,1,66,0.1,2
1186,7,1,0,31.1,6.8,0.351,58.9,8,0,58,0.45,1
1403,14,0,1,35.4,6.1,0.29,5600.0,8,0,26,2.82,2
1524,17,0,0,42.9,5.5,0.373,27.6,4,0,39,1.11,2
1573,19,0,1,37.9,7.4,0.434,88.7,6,0,46,1.82,2
1620,20,0,0,38.8,5.0,0.269,62.4,6,1,61,0.71,2
1011,1,1,1,43.3,7.4,0.373,75.0,3,0,47,0.31,0
1256,9,1,1,39.8,5.4,0.367,82.9,8,0,41,0.1,2
1563,18,0,1,27.6,2.0,0.512,140.2,2,0,35,0.49,1
1058,3,1,1,64.3,5.3,0.38,104.9,5,1,42,0.1,1
1328,12,1,0,43.6,5.0,0.388,77.4,7,0,56,1.43,2
1318,11,1,0,36.9,13.0,0.493,21.9,2,1,59,0.1,2
1276,10,1,1,67.2,8.3,0.503,56.3,2,1,58,3.32,1
1510,17,0,0,30.8,4.8,0.366,113.1,8,0,48,0.71,2
1588,19,0,0,35.7,5.5,0.347,35.3,6,0,33,0.34,2
1159,6,1,1,51.2,6.4,0.402,16.5,3,1,50,2.8,2
1231,8,1,1,52.6,4.3,0.392,83.3,5,0,45,0.19,3
1480,16,0,0,38.0,6.9,0.227,59.8,2,1,64,1.28,0
1339,12,1,0,27.1,6.6,0.286,52.0,2,0,50,0.1,0
1599,19,0,0,19.3,4.3,0.317,55.9,2,0,52,0.43,0
1549,18,0,0,34.0,6.5,0.425,34.8,8,0,39,1.74,1
1216,8,1,1,37.8,9.4,0.382,53.3,6,1,58,1.08,1
1149,6,1,0,22.6,5.8,0.313,25.4,7,0,65,0.58,1
1530,18,0,1,35.8,6.4,0.046,34.0,4,0,27,0.45,1
1539,18,0,1,40.1,5.2,0.616,87.4,7,0,23,0.1,1
1194,7,1,1,61.2,7.6,0.387,,4,1,27,0.21,2
1247,9,1,0,38.7,7.2,0.266,36.0,8,1,53,0.1,2
1366,13,0,0,31.5,4.5,0.301,85.2,8,1,62,0.1,1
1260,10,1,1,65.3,4.9,0.169,16.6,7,1,52,0.47,0
1199,7,1,0,48.1,3.5,0.281,78.4,3,0,35,0.61,0
1563,18,0,0,29.6,3.6,0.447,122.5,2,0,35,0.49,1
1307,11,1,1,34.3,8.9,0.02,91.0,5,1,37,1.32,1
1247,9,1,1,44.7,7.6,0.537,39.1,8,1,53,0.1,2
1572,19,0,0,36.5,6.5,0.242,54.9,6,1,39,1.46,0
1484,16,0,0,29.0,4.7,0.251,112.1,2,1,26,1.02,1
1159,6,1,0,38.4,5.1,0.282,15.2,3,1,50,2.8,2
1316,11,1,0,34.6,7.5,0.294,54.2,6,0,46,1.45,1
1257,9,1,0,34.9,5.8,0.273,27.2,3,1,31,0.34,1
1328,12,1,1,48.5,6.9,0.145,94.7,7,0,56,1.43,2
1385,13,0,0,25.7,7.2,0.146,86.9,5,1,39,0.16,1
1178,7,1,0,45.2,6.0,0.345,44.7,7,0,61,2.8,1
1547,18,0,0,40.7,6.0,0.357,64.5,5,0,58,1.6,1
1315,11,1,0,39.6,7.8,0.315,48.3,2,1,47,0.1,1
1358,12,1,0,42.4,4.8,0.355,65.4,6,0,28,0.1,1
1299,11,1,0,25.6,7.8,0.371,64.3,3,0,61,,1
1456,15,0,0,40.4,6.8,0.389,,5,0,41,1.05,2
1610,20,0,0,49.0,5.9,0.316,28.4,5,0,23,1.3,0
1528,18,0,0,23.8,3.1,0.183,33.4,4,0,48,0.14,1
1426,15,0,1,39.6,8.8,0.4,32.6,4,0,63,1.14,1
1160,6,1,0,28.3,3.5,0.275,48.5,6,0,42,1.05,1
1029,2,1,1,35.3,7.0,0.315,97.1,6,0,56,1.47,1
1361,13,0,0,34.8,8.8,0.296,29.5,7,0,30,1.75,2
1203,8,1,0,45.9,4.1,0.21,45.0,2,0,23,0.9,1
1568,18,0,1,25.6,4.8,0.495,48.7,8,0,36,0.1,1
1113,4,1,0,34.3,3.4,0.23,170.5,7,0,45,0.49,0
1004,1,1,1,35.8,7.8,0.431,80.9,2,0,49,0.1,3
1308,11,1,0,41.0,4.8,0.269,29.1,3,0,29,0.38,2
1354,12,1,1,45.6,11.0,0.457,87.4,2,1,40,0.6,1
1423,14,0,0,44.9,6.8,0.333,50.1,3,0,22,0.24,2
1268,10,1,1,36.1,7.9,0.306,78.0,4,1,59,1.65,0
1309,11,1,1,40.5,7.4,0.406,43.7,8,0,23,0.51,1
1460,16,0,0,27.1,5.2,0.189,28.5,7,0,28,0.16,0
1060,3,1,1,32.2,8.2,0.147,149.9,7,1,27,0.65,0
1019,1,1,1,36.6,9.6,0.536,103.1,3,0,67,0.72,1
1450,15,0,0,32.3,6.5,0.305,87.5,6,0,31,0.58,1
1057,3,1,1,44.8,7.0,0.292,114.6,2,0,43,0.91,2
1081,3,1,0,29.2,5.4,0.318,70.8,8,0,64,0.1,2
1064,3,1,1,47.9,7.4,0.422,,4,1,52,0.86,0
1216,8,1,0,20.6,7.3,0.175,34.7,6,1,58,1.08,1
1221,8,1,1,42.7,8.1,0.396,188.0,4,1,32,1.09,0
1031,2,1,0,47.6,6.6,0.205,22.4,5,0,29,1.57,1
1243,9,1,0,32.7,3.8,0.227,165.5,6,1,23,0.39,1
1126,5,1,1,47.9,7.6,0.02,45.2,4,0,42,0.1,0
1210,8,1,0,43.7,5.7,0.357,37.7,2,0,67,,1
1119,5,1,1,43.1,8.4,0.382,38.5,5,0,46,0.83,1
1436,15,0,0,21.5,4.0,0.45,75.3,3,0,43,0.1,0
1376,13,0,1,24.9,7.1,0.424,144.0,7,0,52,0.1,3
1557,18,0,1,48.7,9.3,0.175,67.9,7,0,34,0.43,0
1524,17,0,1,47.7,4.9,0.508,57.4,4,0,39,1.11,2
1552,18,0,0,34.7,7.5,0.234,55.0,6,1,64,0.31,1
1545,18,0,0,46.1,5.0,0.469,53.4,7,1,42,1.67,2
1622,20,0,0,30.9,5.6,0.262,29.2,8,1,44,2.45,0
1404,14,0,0,25.9,3.5,0.253,65.6,8,1,60,0.12,1
1623,20,0,1,51.5,6.1,0.301,35.3,7,1,31,1.01,2
1363,13,0,0,19.3,5.6,0.438,35.0,7,0,64,2.44,1
1272,10,1,0,57.7,3.9,0.255,73.7,6,1,36,0.17,0
1467,16,0,0,34.9,4.8,0.342,115.2,3,1,33,3.47,1
1498,16,0,1,47.9,6.2,0.375,80.5,7,1,46,0.55,1
1529,18,0,1,40.4,5.7,0.382,58.5,5,0,43,3.38,1
1278,10,1,0,38.0,3.9,0.144,85.3,7,0,44,0.1,1
1496,16,0,1,29.2,7.0,0.171,95.5,7,1,59,0.1,0
1615,20,0,1,43.7,5.2,0.597,85.1,8,0,25,0.1,2
1161,6,1,1,18.0,6.1,0.229,178.4,7,1,54,0.35,0
1122,5,1,1,34.2,6.5,0.552,55.9,5,1,62,1.31,1
1443,15,0,0,40.9,3.9,0.301,115.0,3,1,43,0.79,1
1300,11,1,0,35.8,5.4,0.339,50.1,4,0,57,0.36,1
1376,13,0,0,28.8,7.7,0.363,148.9,7,0,52,0.1,3
1636,20,0,1,39.7,8.0,0.275,31.6,6,0,47,0.1,0
1238,8,1,1,62.7,7.5,0.259,25.9,4,0,52,0.55,0
1030,2,1,1,37.2,6.4,0.675,100.7,6,0,52,0.45,0
1473,16,0,0,33.8,6.4,0.245,28.1,3,0,64,0.33,0
1262,10,1,1,53.0,5.3,0.53,238.1,8,1,38,0.2,0
1564,18,0,0,27.1,5.5,0.368,63.3,3,1,52,0.68,0
1517,17,0,1,24.6,4.6,0.121,86.4,3,0,36,0.2,1
1389,13,0,0,32.8,6.1,0.329,19.7,7,0,43,0.85,1
1023,2,1,0,18.7,5.2,0.349,,6,0,56,0.62,1
1596,19,0,0,25.5,6.1,0.278,50.3,3,0,52,0.76,0
1356,12,1,1,41.9,7.3,0.347,32.9,5,0,67,0.15,1
1424,14,0,0,31.8,6.3,0.372,42.9,7,0,31,0.52,2
1506,17,0,1,27.3,6.8,0.196,46.6,5,1,36,0.1,0
1494,16,0,1,37.0,7.0,0.371,26.7,8,0,56,0.52,1
1097,4,1,1,48.3,7.0,0.02,28.6,4,1,66,1.06,0
1639,20,0,1,31.6,5.2,0.419,235.9,7,1,52,0.11,1
1143,5,1,0,30.1,5.6,0.299,67.2,2,0,40,0.17,0
1051,3,1,0,23.3,5.0,0.225,73.9,7,1,30,1.09,1
1594,19,0,1,22.0,4.6,0.35,57.0,8,0,49,0.45,1
1190,7,1,1,35.7,6.1,0.363,67.3,5,0,28,0.4,1
1082,3,1,0,39.4,6.7,0.34,52.8,3,1,52,1.75,3
1483,16,0,0,46.6,4.8,0.243,78.5,2,1,56,0.17,2
1322,12,1,0,14.6,3.4,0.219,39.7,6,1,40,0.65,1
1422,14,0,1,44.2,8.7,0.45,121.6,3,0,22,3.87,1
1575,19,0,1,25.3,4.0,0.249,64.2,6,0,36,1.46,1
1577,19,0,1,23.1,5.7,0.508,29.9,6,1,45,0.26,1
1067,3,1,0,32.8,5.4,0.325,47.7,4,0,55,1.32,1
1487,16,0,1,36.2,6.1,0.21,,6,1,43,0.34,2
1387,13,0,1,26.6,6.4,0.285,82.0,4,0,39,,1
1201,7,1,1,35.2,7.2,0.072,130.1,4,0,65,0.1,1
1418,14,0,0,43.0,6.1,0.356,110.9,2,0,53,1.42,1
1587,19,0,1,36.9,7.3,0.421,36.3,4,1,46,0.72,1
1065,3,1,0,36.2,6.5,0.419,37.8,4,0,28,0.1,2
1140,5,1,0,22.1,3.9,0.343,107.0,6,0,37,1.4,0
1385,13,0,1,27.4,7.7,0.129,79.5,5,1,39,0.16,1
1155,6,1,1,46.2,6.2,0.196,113.0,6,0,32,0.1,1
1492,16,0,0,29.3,6.7,0.243,78.5,8,1,61,0.36,1
1160,6,1,1,37.5,4.7,0.289,39.3,6,0,42,1.05,1
1263,10,1,1,44.8,9.5,0.036,63.0,3,0,36,0.36,3
1066,3,1,0,23.4,5.3,0.324,16.2,7,0,52,0.23,0
1434,15,0,1,36.5,3.0,0.327,170.4,3,0,43,0.1,0
1012,1,1,1,56.0,16.0,0.267,44.9,7,1,30,1.25,2
1466,16,0,1,32.4,4.4,0.346,51.9,3,0,38,0.26,1
1297,11,1,0,27.4,3.4,0.278,45.4,2,1,25,0.17,1
1592,19,0,0,34.3,5.2,0.249,57.5,7,0,64,,1
1420,14,0,0,33.5,6.3,0.186,37.6,6,0,25,1.05,1
1439,15,0,0,31.7,6.2,0.311,,5,0,43,0.15,0
1262,10,1,0,34.0,5.7,0.28,88.8,8,1,38,0.2,0
1153,6,1,1,51.1,5.7,0.365,301.5,3,0,67,0.72,1
1282,10,1,0,19.0,7.2,0.258,58.8,8,1,28,0.17,2
1627,20,0,0,53.4,4.9,0.314,45.0,7,1,48,0.48,1
1083,3,1,1,50.7,8.3,0.364,142.8,5,1,29,0.27,2
1132,5,1,1,50.7,5.5,0.677,77.7,7,1,36,2.66,1
1189,7,1,0,47.7,5.6,0.307,95.9,5,0,32,0.25,0
1379,13,0,1,46.4,5.2,0.505,108.9,6,1,33,0.16,2
1252,9,1,0,35.6,7.4,0.312,150.0,2,0,36,0.1,1
1236,8,1,1,60.4,4.5,0.358,61.3,7,1,53,0.19,1
1107,4,1,1,42.2,5.5,0.477,317.4,7,0,36,0.58,1
1178,7,1,1,48.8,8.6,0.495,86.5,7,0,61,2.8,1
1515,17,0,0,42.7,4.0,0.317,58.0,6,0,58,2.12,0
1040,2,1,1,33.6,5.6,0.871,75.2,5,1,40,0.42,1
1488,16,0,0,44.1,6.3,0.464,37.9,2,1,50,0.92,1
1274,10,1,0,30.7,8.9,0.233,26.3,4,0,56,2.36,2
1444,15,0,1,32.6,9.2,0.421,220.9,3,0,48,0.86,2
1510,17,0,1,35.3,5.3,0.282,84.2,8,0,48,0.71,2
1449,15,0,0,41.8,4.8,0.24,43.0,5,1,23,,1
1412,14,0,0,20.4,4.6,0.259,30.1,7,1,46,0.54,1
1371,13,0,1,32.6,3.2,0.236,50.0,7,0,42,0.1,2
1180,7,1,1,44.0,4.2,0.332,73.7,2,0,29,0.39,2
1472,16,0,1,30.5,5.1,0.306,255.2,4,1,34,0.24,1
1415,14,0,1,25.5,7.0,0.263,,8,1,42,0.85,2
1150,6,1,0,33.5,6.0,0.313,50.9,2,1,66,0.14,1
1027,2,1,1,35.1,5.1,0.262,40.3,2,1,42,0.1,1
1219,8,1,0,29.4,3.1,0.466,56.9,8,0,43,0.13,1
1240,8,1,0,43.2,5.1,0.344,71.2,8,0,67,0.63,1
1181,7,1,1,145.0,7.5,0.414,74.3,3,0,38,0.35,0
1193,7,1,0,38.2,9.0,0.344,92.4,8,1,49,0.3,2
1192,7,1,0,44.1,4.2,0.236,71.9,3,0,57,0.21,1
1324,12,1,1,58.4,6.1,0.294,82.0,6,0,55,0.43,0
1046,2,1,1,40.2,4.1,0.493,66.3,7,0,45,0.31,0
1065,3,1,1,48.0,7.9,0.887,59.9,4,0,28,0.1,2
1005,1,1,1,54.6,9.0,0.07,154.9,7,0,25,0.27,3
1526,17,0,1,35.3,3.5,0.29,45.2,3,1,40,0.24,3
1543,18,0,1,39.3,9.6,0.506,74.5,7,1,52,2.72,3
1017,1,1,0,41.0,6.8,0.262,42.1,2,1,48,0.1,1
1606,20,0,1,50.4,7.4,0.362,46.8,5,0,48,5.0,0
1583,19,0,0,40.3,7.9,0.421,82.0,8,0,57,1.79,2
1165,6,1,1,46.1,4.3,0.841,75.1,8,0,51,1.97,1
1628,20,0,0,49.3,6.9,0.3,80.2,2,0,58,2.14,0
1546,18,0,1,42.5,5.7,0.502,54.0,4,1,41,0.1,2
1324,12,1,0,49.2,5.3,0.225,41.4,6,0,55,0.43,0
1408,14,0,1,34.4,4.0,0.474,116.7,3,0,39,0.78,1
1632,20,0,0,27.2,8.6,0.404,112.2,4,0,62,2.52,1
1338,12,1,1,47.3,8.8,0.307,138.5,8,1,32,1.68,1
1112,4,1,1,54.3,9.2,0.472,210.4,7,0,66,0.37,0
1438,15,0,0,35.9,6.0,0.115,98.6,2,0,65,0.83,0
1241,9,1,1,49.5,9.6,0.57,91.5,6,0,23,1.71,1
1316,11,1,1,43.7,8.6,0.325,51.4,6,0,46,1.45,1
1342,12,1,0,40.0,5.4,0.272,23.5,4,1,56,0.1,1
1003,1,1,0,22.4,4.8,0.19,65.2,7,0,52,0.41,1
1230,8,1,0,38.8,3.9,0.34,58.3,5,1,41,,2
1100,4,1,1,31.7,6.3,0.52,240.5,8,0,54,1.01,1
1593,19,0,1,35.0,6.7,0.41,43.7,8,0,30,0.1,1
1077,3,1,0,31.9,4.4,0.329,,7,1,65,0.46,3
1541,18,0,1,37.4,6.9,0.324,100.8,6,1,48,2.87,1
1372,13,0,0,29.0,7.8,0.274,53.2,7,0,30,0.47,3
1181,7,1,0,33.8,5.8,0.322,71.7,3,0,38,0.35,0
1173,6,1,1,35.4,5.4,0.552,55.0,3,1,35,0.49,1
1578,19,0,0,19.1,6.1,0.284,189.4,2,1,55,0.1,0
1199,7,1,1,55.6,5.0,0.364,79.2,3,0,35,0.61,0
1433,15,0,1,28.6,6.6,0.346,52.9,3,1,26,0.64,1
1456,15,0,1,41.7,6.8,0.386,47.3,5,0,41,1.05,2
1447,15,0,1,31.0,4.5,0.163,68.9,5,1,35,1.01,2
1101,4,1,1,38.1,3.4,0.507,60.8,4,0,57,0.93,2
1590,19,0,0,19.3,7.4,0.323,150.0,7,0,60,,3
1243,9,1,1,47.1,3.8,0.212,128.4,6,1,23,0.39,1
1511,17,0,1,40.2,4.3,0.483,74.6,7,0,64,0.17,0
1312,11,1,0,28.2,6.2,0.48,44.9,3,0,61,0.38,0
1410,14,0,1,48.9,9.9,0.02,68.0,3,1,34,0.1,2
1359,12,1,1,37.4,6.6,0.769,24.6,7,0,67,1.08,1
1038,2,1,0,30.8,4.4,0.163,39.5,2,1,55,0.1,0
1354,12,1,0,34.2,8.6,0.332,65.0,2,1,40,0.6,1
1533,18,0,1,42.2,5.7,0.217,17.6,5,0,31,0.38,3
1237,8,1,0,21.1,7.7,0.426,34.8,8,1,58,0.96,0
1423,14,0,1,50.5,7.0,0.32,53.6,3,0,22,0.24,2
1411,14,0,1,53.4,5.6,0.394,106.8,8,0,28,0.49,1
1500,17,0,0,29.0,6.8,0.259,30.8,6,0,67,0.88,1
1554,18,0,0,39.4,4.3,0.412,75.5,7,0,40,1.11,2
1056,3,1,0,26.4,7.0,0.169,68.4,6,1,40,0.1,0
1303,11,1,0,28.5,6.9,0.253,68.3,4,1,37,1.95,1
1287,10,1,0,29.6,6.3,0.42,48.5,2,1,36,,0
1395,14,0,1,36.2,5.1,0.182,159.5,4,1,39,0.1,1
1220,8,1,0,32.1,15.0,0.298,52.8,7,0,62,0.45,1
1290,11,1,1,57.7,8.9,0.049,122.8,3,0,46,1.05,0
1388,13,0,0,50.6,5.3,0.26,48.5,5,1,54,0.32,1
1200,7,1,1,44.9,9.6,0.066,62.1,2,0,30,0.29,1
1391,14,0,0,31.6,4.4,0.266,62.9,8,1,46,0.77,0
1353,12,1,0,37.3,7.0,0.322,38.4,5,0,24,1.91,2
1194,7,1,0,36.9,6.4,0.36,85.1,4,1,27,0.21,2
1236,8,1,0,48.5,2.7,0.388,,7,1,53,0.19,1
1443,15,0,1,38.7,4.5,0.19,106.5,3,1,43,0.79,1
1055,3,1,1,58.2,6.9,0.579,15.8,5,0,54,1.01,3
1481,16,0,0,24.6,5.7,0.315,45.5,2,0,54,0.92,1
1568,18,0,0,27.0,5.3,0.206,42.5,8,0,36,0.1,1
1117,4,1,0,38.3,6.7,0.43,42.2,2,0,47,0.48,2
1463,16,0,1,38.0,9.2,0.324,36.3,5,0,30,0.81,1
1014,1,1,1,35.9,7.4,0.812,56.0,5,0,53,0.12,1
1428,15,0,1,22.7,7.7,0.367,22.6,3,0,51,0.74,3
1544,18,0,1,22.2,4.0,0.257,98.0,5,1,40,1.0,3
1233,8,1,1,51.9,8.2,0.275,60.2,4,1,33,0.1,2
1248,9,1,1,44.2,7.8,0.461,72.1,8,0,55,0.1,2
1121,5,1,0,32.8,7.6,0.342,37.9,2,1,54,1.55,2
1296,11,1,1,57.7,7.6,0.298,30.8,8,1,22,3.87,2
1628,20,0,1,47.8,6.4,0.459,111.1,2,0,58,2.14,0
1244,9,1,1,37.5,6.6,0.377,62.9,5,1,45,0.84,2
1063,3,1,0,31.2,4.9,0.33,110.1,4,1,36,0.61,0
1121,5,1,1,50.5,9.6,0.556,83.9,2,1,54,1.55,2
1454,15,0,0,29.8,6.3,0.28,,4,1,31,1.18,0
1516,17,0,0,37.9,7.6,0.389,56.5,6,0,67,2.24,1
1571,19,0,0,33.3,5.0,0.28,65.5,8,0,25,0.1,1
1224,8,1,0,32.3,4.6,0.178,61.9,8,0,27,1.32,1
1614,20,0,0,36.1,2.6,0.272,140.1,7,0,47,1.45,0
1222,8,1,0,31.8,6.7,0.196,18.1,2,0,52,0.36,1
1128,5,1,1,40.5,8.4,0.182,77.0,6,1,65,1.61,1
1267,10,1,1,47.7,6.4,0.199,,5,1,63,0.5,1
1466,16,0,0,32.2,5.4,0.25,84.4,3,0,38,0.26,1
1053,3,1,0,42.4,4.3,0.284,81.7,8,0,40,0.1,1
1531,18,0,1,39.5,5.5,0.144,70.7,7,0,52,0.26,1
1486,16,0,0,23.2,6.5,0.296,95.3,8,0,27,1.5,1
1579,19,0,1,35.3,7.2,0.35,72.2,5,1,66,0.1,2
1387,13,0,0,28.9,6.1,0.412,73.5,4,0,39,0.36,1
1156,6,1,0,26.0,4.8,0.334,96.0,3,0,57,0.1,0
1398,14,0,1,52.1,8.0,0.43,73.7,4,0,33,0.9,2
1601,19,0,0,32.7,5.7,0.458,62.4,5,0,60,1.18,1
1560,18,0,1,34.3,6.9,0.332,44.6,4,1,48,0.1,1
1249,9,1,0,31.0,5.3,0.281,68.4,3,0,27,0.41,3
1442,15,0,0,37.3,3.1,0.343,22.8,2,0,31,0.1,2
1521,17,0,1,51.0,5.7,0.186,108.9,5,0,35,0.6,1
1534,18,0,1,36.3,6.8,0.498,129.3,4,0,30,0.57,1
1543,18,0,0,33.6,7.9,0.367,63.1,7,1,52,2.72,3
1062,3,1,1,46.9,8.3,0.717,71.9,6,1,26,0.78,2
1118,4,1,0,32.6,4.3,0.217,35.1,2,0,23,0.32,1
1274,10,1,1,33.3,9.9,0.078,26.6,4,0,56,2.36,2
1629,20,0,0,51.9,4.6,0.242,56.1,5,1,65,1.36,2
1174,6,1,1,31.2,5.5,0.543,31.8,8,1,32,0.1,1
1207,8,1,0,40.8,5.4,0.291,72.6,4,1,62,0.1,2
1292,11,1,0,40.0,3.4,0.182,105.9,3,1,25,0.32,1
1476,16,0,1,32.3,5.6,0.032,,4,1,31,0.1,1
1382,13,0,0,29.0,5.0,0.161,39.2,7,0,48,0.94,1
1158,6,1,1,54.0,7.7,0.545,37.5,2,1,44,1.27,1
1592,19,0,1,36.0,6.2,0.181,76.2,7,0,64,0.61,1
1201,7,1,0,29.1,5.1,0.27,114.1,4,0,65,0.1,1
1597,19,0,0,24.9,5.7,0.483,53.7,7,1,67,0.3,1
1437,15,0,1,28.6,4.0,0.413,46.1,5,1,60,0.33,3
1576,19,0,1,31.6,6.0,0.333,45.4,7,0,29,0.5,1
1632,20,0,1,23.4,8.8,0.534,108.3,4,0,62,2.52,1
1151,6,1,1,38.0,8.4,0.307,76.8,3,1,22,0.42,1
1130,5,1,1,32.8,3.3,0.189,62.4,3,0,61,0.69,1
1372,13,0,1,29.9,8.0,0.189,60.5,7,0,30,0.47,3
1506,17,0,0,26.2,7.7,0.272,46.8,5,1,36,0.1,0
1349,12,1,0,48.0,7.0,0.473,25.8,5,1,29,0.77,2
1402,14,0,1,65.1,6.7,0.5,33.9,6,0,56,1.69,0
1635,20,0,1,35.0,7.6,0.46,170.6,3,1,61,0.37,2
1341,12,1,0,41.6,6.3,0.359,190.1,8,1,51,1.14,1
1439,15,0,1,35.8,6.5,0.291,116.1,5,0,43,0.15,0
1616,20,0,0,40.5,9.0,0.254,131.9,7,1,23,0.61,2
1155,6,1,0,122.0,5.5,0.231,127.0,6,0,32,0.1,1
1542,18,0,1,27.9,8.3,0.17,37.9,8,1,38,1.38,1
1230,8,1,1,42.9,5.0,0.402,48.0,5,1,41,0.2,2
1078,3,1,0,27.2,5.0,0.287,48.2,3,0,61,0.35,0
1288,10,1,0,40.3,7.0,0.376,49.0,7,0,29,2.19,1
1323,12,1,0,35.2,6.7,0.393,25.5,7,0,47,0.36,1
1300,11,1,1,41.2,6.9,0.501,46.9,4,0,57,0.36,1
1417,14,0,1,31.0,6.9,0.321,149.2,8,1,51,0.29,2
1509,17,0,1,33.2,3.3,0.582,50.1,8,0,25,1.49,2
1518,17,0,1,30.3,7.6,0.502,44.0,3,0,44,0.36,1
1083,3,1,0,31.0,7.4,0.33,94.0,5,1,29,0.27,2
1266,10,1,1,42.5,6.3,0.549,62.0,5,0,60,0.32,1
1465,16,0,0,32.5,4.9,0.351,67.3,8,1,37,0.62,2
1273,10,1,1,34.4,6.5,0.763,73.6,4,0,32,0.1,1
1223,8,1,1,54.9,9.0,0.224,42.1,6,0,42,4.11,1
1611,20,0,1,34.4,6.7,0.396,45.7,6,1,65,0.11,1
1242,9,1,1,33.4,7.4,0.154,,4,1,67,1.27,1
1334,12,1,0,40.0,8.2,0.283,99.9,2,1,43,0.8,1
1011,1,1,0,35.5,6.0,0.315,57.5,3,0,47,0.31,0
1099,4,1,1,31.2,8.3,0.146,51.4,4,0,47,0.34,2
1471,16,0,0,54.9,4.4,0.286,24.2,8,0,37,0.43,1
1033,2,1,0,28.7,5.3,0.186,84.6,2,1,38,1.18,1
1254,9,1,1,24.3,8.9,0.286,80.3,5,0,43,1.47,1
1414,14,0,0,31.9,3.6,0.458,115.0,7,0,36,0.1,3
1581,19,0,0,40.5,5.4,0.232,29.7,7,0,61,2.21,0
1383,13,0,0,37.2,3.4,0.274,38.7,3,0,56,0.56,3
1154,6,1,1,48.5,6.6,0.407,79.5,4,0,57,0.38,1
1416,14,0,1,125.0,5.0,0.196,94.1,2,0,47,0.82,1
1228,8,1,1,55.0,7.4,0.297,102.1,2,1,30,0.11,1
1572,19,0,1,31.1,6.0,0.172,67.7,6,1,39,1.46,0
1317,11,1,1,33.6,5.3,0.284,148.6,8,0,42,0.1,1
1578,19,0,1,19.4,7.4,0.343,205.4,2,1,55,0.1,0
1379,13,0,0,42.3,6.8,0.303,84.3,6,1,33,,2
1090,4,1,0,32.6,5.5,0.44,63.5,4,1,35,0.43,3
1630,20,0,1,41.3,7.5,0.483,8.6,6,0,37,0.3,1
1602,19,0,0,24.1,5.2,0.411,4800.0,6,0,40,2.02,1
1214,8,1,0,37.7,5.4,0.302,115.4,3,0,28,0.78,0
1333,12,1,0,28.8,7.6,0.439,60.5,7,0,54,0.27,2
1134,5,1,0,28.2,4.0,0.296,39.2,7,0,47,1.36,1
1347,12,1,0,32.1,6.7,0.464,46.3,4,0,37,0.22,2
1343,12,1,1,36.2,7.5,0.548,58.9,2,1,66,0.61,2
1008,1,1,0,46.0,4.3,0.337,23.8,6,0,65,1.12,1
1321,11,1,1,43.4,10.1,0.037,61.6,8,0,41,0.48,1
1321,11,1,0,31.4,6.9,0.341,34.1,8,0,41,0.48,1
1479,16,0,1,54.7,6.7,0.351,36.2,8,0,23,2.73,1
1188,7,1,0,29.4,7.6,0.315,62.3,6,0,60,0.1,3
1635,20,0,0,31.3,6.5,0.391,148.3,3,1,61,,2
1553,18,0,0,30.7,8.1,0.205,52.7,3,0,55,0.19,1
1305,11,1,0,41.9,7.2,0.356,174.4,5,0,56,0.1,3
1032,2,1,0,32.9,7.8,0.266,36.4,5,1,35,0.14,1
1313,11,1,1,35.9,8.3,0.504,126.3,3,0,34,0.82,1
1045,2,1,1,41.4,9.1,0.174,68.1,8,0,49,0.19,3
1157,6,1,1,43.8,5.7,0.607,219.3,6,1,26,0.4,3
1502,17,0,1,25.5,5.2,0.39,268.2,7,0,24,0.15,3
1241,9,1,0,40.4,7.7,0.28,81.9,6,0,23,1.71,1
1068,3,1,0,37.7,6.1,0.441,94.2,3,0,52,0.1,2
1175,6,1,0,18.0,7.0,0.322,30.6,4,0,52,0.5,2
1127,5,1,1,52.6,4.7,0.281,41.2,7,0,30,0.25,1
1610,20,0,1,50.1,7.2,0.29,31.1,5,0,23,,0
1246,9,1,0,31.6,5.6,0.387,99.2,3,1,26,0.96,1
1057,3,1,0,37.9,5.6,0.233,88.3,2,0,43,0.91,2
1631,20,0,0,23.6,3.8,0.187,47.5,7,0,62,0.38,1
1584,19,0,0,16.1,4.6,0.502,54.0,8,0,47,0.82,1
1459,15,0,1,37.8,5.2,0.418,59.6,7,1,25,0.4,2
1146,6,1,0,28.2,5.2,0.366,64.5,2,0,64,0.3,1
1091,4,1,0,43.2,6.1,0.364,60.2,6,0,34,0.1,2
1629,20,0,1,48.3,4.6,0.44,,5,1,65,1.36,2
1393,14,0,0,31.9,6.3,0.326,197.5,7,0,64,3.95,2
1337,12,1,1,27.7,8.5,0.264,55.1,5,1,40,0.99,2
1043,2,1,1,55.8,3.8,0.218,238.8,3,0,28,0.42,1
1311,11,1,0,44.4,6.1,0.245,139.1,3,0,24,1.29,2
1360,12,1,0,39.9,7.6,0.353,68.5,2,0,52,0.54,1
1094,4,1,0,35.9,6.3,0.247,68.8,4,0,63,1.03,1
1505,17,0,1,38.3,4.4,0.02,51.6,7,1,24,0.34,1
1432,15,0,1,28.9,7.0,0.259,44.3,3,0,62,0.2,0
1458,15,0,1,43.6,7.1,0.08,110.9,8,0,30,1.51,1
1377,13,0,0,50.4,6.9,0.266,56.4,7,0,65,1.2,0
1244,9,1,0,30.8,7.0,0.296,44.4,5,1,45,0.84,2
1514,17,0,1,34.8,3.6,0.357,21.5,4,0,29,0.1,3
1088,4,1,0,37.0,6.7,0.22,175.4,4,0,28,0.22,1
1215,8,1,0,48.1,5.0,0.221,52.0,3,1,49,0.2,1
1445,15,0,0,33.7,4.2,0.355,64.8,7,0,43,0.88,1
1217,8,1,1,38.1,7.0,0.02,65.4,7,0,33,1.26,1
1174,6,1,0,21.5,3.6,0.271,42.0,8,1,32,0.1,1
1214,8,1,1,45.1,7.7,0.371,87.1,3,0,28,0.78,0
1597,19,0,1,20.3,6.3,0.432,59.6,7,1,67,0.3,1
1426,15,0,0,42.7,8.6,0.261,24.7,4,0,63,1.14,1
1475,16,0,1,42.1,5.0,0.367,72.7,2,0,41,1.23,1
1119,5,1,0,31.0,5.9,0.328,23.6,5,0,46,0.83,1
1120,5,1,0,34.8,6.0,0.204,26.2,8,0,40,0.22,1
1396,14,0,1,46.8,4.7,0.302,38.4,4,0,44,1.77,0
1358,12,1,1,58.3,6.8,0.415,68.3,6,0,28,0.1,1
1001,1,1,0,40.0,4.4,0.3,124.8,7,1,35,0.65,2
1395,14,0,0,34.9,5.6,0.219,95.5,4,1,39,0.1,1
1402,14,0,0,56.6,6.0,0.478,34.1,6,0,56,1.69,0
1405,14,0,0,27.2,5.5,0.385,24.0,3,0,38,0.14,2
1446,15,0,1,40.7,7.6,0.253,26.1,2,1,30,2.39,1
1335,12,1,1,45.0,8.3,0.57,121.1,5,0,36,0.1,2
1163,6,1,0,41.7,7.1,0.28,72.1,4,0,49,1.92,1
1193,7,1,1,52.0,12.0,0.36,61.6,8,1,49,0.3,2
1115,4,1,0,35.2,5.7,0.194,46.1,7,0,42,0.12,1
1031,2,1,1,49.3,7.7,0.549,23.1,5,0,29,1.57,1
1151,6,1,0,22.2,8.3,0.184,84.7,3,1,22,,1
1488,16,0,1,47.3,6.3,0.486,43.0,2,1,50,0.92,1
1258,9,1,1,45.5,5.0,0.707,157.7,8,0,24,0.15,1
1562,18,0,0,33.8,6.7,0.358,53.2,7,0,43,0.25,2
1369,13,0,0,25.4,7.2,0.328,46.0,3,0,65,0.18,3
1544,18,0,0,27.0,4.9,0.281,61.4,5,1,40,,3
1250,9,1,1,46.1,10.1,0.857,237.7,3,0,66,0.35,2
1478,16,0,0,27.8,5.2,0.33,97.7,5,1,62,,1
1567,18,0,1,22.8,7.4,0.2,129.0,5,1,39,0.29,1
1533,18,0,0,38.3,5.9,0.325,19.2,5,0,31,0.38,3
1626,20,0,0,50.3,6.1,0.167,79.9,2,0,22,0.63,3
1053,3,1,1,49.9,6.8,0.53,77.9,8,0,40,0.1,1
1513,17,0,0,32.0,9.0,0.379,49.0,7,1,64,1.39,0
1625,20,0,1,27.9,3.9,0.325,69.4,7,1,42,0.35,2
1222,8,1,1,39.3,7.3,0.297,23.6,2,0,52,0.36,1
1073,3,1,0,30.0,9.0,0.455,52.7,7,1,59,1.2,3
1281,10,1,1,42.7,6.4,0.19,128.3,2,0,34,1.4,1
1168,6,1,1,44.0,6.6,0.668,44.7,4,0,33,1.24,1
1259,9,1,0,28.6,3.9,0.367,69.2,2,0,38,0.2,1
1625,20,0,0,26.9,4.1,0.292,77.8,7,1,42,0.35,2
1187,7,1,1,49.2,9.3,0.595,210.5,3,0,28,,0
1235,8,1,0,51.2,7.8,0.133,93.8,5,1,35,0.22,2
1136,5,1,0,26.1,5.0,0.321,40.7,7,1,44,0.13,1
1617,20,0,0,48.6,7.4,0.364,71.7,5,0,37,1.66,1
1517,17,0,0,22.8,4.6,0.156,97.6,3,0,36,0.2,1
1357,12,1,1,50.7,4.3,0.026,204.2,3,0,61,0.14,1
1197,7,1,1,42.8,9.6,0.411,63.1,7,1,42,0.99,1
1203,8,1,1,49.3,5.7,0.02,59.3,2,0,23,0.9,1
1163,6,1,1,49.0,7.5,0.443,93.3,4,0,49,1.92,1
1212,8,1,1,33.5,6.0,0.505,51.5,6,0,25,0.33,1
1170,6,1,1,23.1,9.5,0.621,70.4,6,1,48,1.83,1
1593,19,0,0,34.4,4.9,0.362,63.3,8,0,30,0.1,1
1492,16,0,1,34.5,5.7,0.226,92.1,8,1,61,0.36,1
1502,17,0,0,27.7,5.1,0.466,155.7,7,0,24,0.15,3
1539,18,0,0,37.9,4.7,0.397,78.1,7,0,23,0.1,1
1622,20,0,1,36.5,7.5,0.34,23.1,8,1,44,2.45,0
1089,4,1,1,61.2,3.0,0.408,118.1,3,1,34,0.1,2
1582,19,0,0,31.4,14.0,0.331,62.0,2,0,31,0.63,0
1344,12,1,0,10.0,2.9,0.396,120.7,5,1,27,0.2,0
1407,14,0,1,43.7,7.6,0.321,179.6,5,0,29,1.56,2
1559,18,0,1,38.7,5.0,0.282,73.6,2,0,66,0.18,2
1294,11,1,0,39.3,8.5,0.364,29.9,6,0,24,2.8,0
1365,13,0,0,37.6,4.9,0.299,103.8,2,0,30,,1
1342,12,1,1,47.5,6.1,0.388,43.7,4,1,56,0.1,1
1020,1,1,1,55.5,7.5,0.186,91.7,2,1,42,0.6,0
1015,1,1,0,33.2,5.4,0.298,54.4,5,0,67,1.87,3
1047,2,1,1,39.3,5.8,0.241,143.5,2,0,55,0.16,1
1087,3,1,0,17.3,7.3,0.249,118.7,3,1,57,0.65,1
1371,13,0,0,36.7,3.7,0.239,43.9,7,0,42,0.1,2
1166,6,1,0,34.2,5.6,0.312,96.2,6,0,35,1.1,1
1132,5,1,0,33.5,4.8,0.519,61.4,7,1,36,2.66,1
1336,12,1,0,42.7,4.9,0.451,87.7,2,0,38,3.09,2
1060,3,1,0,15.1,5.9,0.36,153.0,7,1,27,0.65,0
1070,3,1,1,45.6,9.7,0.529,106.6,2,1,22,1.04,1
1381,13,0,1,39.7,5.2,0.279,30.0,4,0,22,1.0,2
1037,2,1,1,33.2,5.6,0.149,108.9,6,0,55,0.24,1
1355,12,1,0,46.0,4.1,0.318,37.8,6,0,54,,0
1141,5,1,1,57.3,6.0,0.408,124.6,2,0,59,0.1,2
1425,15,0,0,30.0,5.8,0.306,71.4,4,0,49,1.56,1
1293,11,1,0,36.6,5.1,0.347,,4,0,45,1.5,2
1042,2,1,0,33.5,5.4,0.221,75.5,3,1,47,0.23,3
1495,16,0,1,28.1,7.0,0.212,24.9,4,0,26,0.62,2
1330,12,1,0,35.8,6.0,0.16,35.7,7,0,45,1.29,0
1615,20,0,0,42.3,5.5,0.459,80.7,8,0,25,0.1,2
1430,15,0,0,44.5,6.4,0.423,46.5,8,1,29,0.5,2
1080,3,1,0,48.0,7.3,0.553,145.1,5,0,33,1.42,2
1054,3,1,1,35.2,8.4,0.536,61.0,4,0,37,0.62,3
1029,2,1,0,29.6,6.2,0.375,110.9,6,0,56,,1
1298,11,1,1,45.2,7.6,0.521,58.0,3,1,42,1.41,1
1068,3,1,1,52.4,6.7,0.615,106.8,3,0,52,0.1,2
1253,9,1,1,44.2,9.9,0.307,136.3,4,1,35,1.83,1
1279,10,1,1,34.0,7.1,0.034,34.3,4,1,32,,1
1195,7,1,1,43.4,8.3,0.496,66.8,5,1,27,0.92,2
1110,4,1,1,40.3,7.9,0.456,72.3,7,0,36,0.54,3
1251,9,1,1,50.3,8.7,0.02,81.7,5,1,36,0.91,2
1255,9,1,0,26.3,7.1,0.421,36.0,8,1,30,,1
1161,6,1,0,14.6,4.3,0.337,84.3,7,1,54,0.35,0
1459,15,0,0,40.3,6.8,0.479,56.2,7,1,25,0.4,2
1605,20,0,1,31.2,6.6,0.271,94.2,2,0,64,0.21,2
1384,13,0,0,38.3,7.2,0.428,59.0,7,0,47,0.97,2
1314,11,1,0,32.6,4.7,0.318,43.4,2,0,59,0.25,1
1085,3,1,0,46.0,5.6,0.247,50.9,5,0,62,0.91,0
1575,19,0,0,25.5,4.9,0.358,36.2,6,0,36,1.46,1
1123,5,1,1,35.8,7.3,0.496,77.4,6,1,66,0.17,2
1137,5,1,0,45.6,6.1,0.229,68.1,6,0,42,0.52,1
1112,4,1,0,41.9,6.5,0.182,98.7,7,0,66,,0
1195,7,1,0,37.5,6.7,0.282,78.2,5,1,27,0.92,2
1213,8,1,1,33.8,6.8,0.382,70.0,2,0,65,0.44,1
1179,7,1,0,41.9,2.5,0.36,114.0,2,1,48,0.3,1
1556,18,0,0,33.2,5.7,0.177,101.2,5,0,37,0.29,1
1084,3,1,1,44.9,8.8,0.223,144.6,6,0,27,0.27,3
1220,8,1,1,34.8,8.2,0.12,80.0,7,0,62,0.45,1
1330,12,1,1,42.4,6.9,0.02,40.6,7,0,45,1.29,0
1497,16,0,0,36.2,6.1,0.284,39.6,6,1,53,0.5,1
1311,11,1,1,48.6,7.1,0.237,168.0,3,0,24,1.29,2
1582,19,0,1,34.2,5.4,0.289,56.0,2,0,31,,0
1166,6,1,1,43.8,6.5,0.634,189.8,6,0,35,1.1,1
1130,5,1,0,41.5,2.6,0.372,44.2,3,0,61,0.69,1
1076,3,1,1,42.0,7.8,0.412,141.7,5,1,57,0.25,1
1338,12,1,0,30.7,7.2,0.303,62.8,8,1,32,1.68,1
1631,20,0,1,24.3,3.0,0.332,59.7,7,0,62,0.38,1
1609,20,0,0,35.2,4.1,0.338,68.1,5,0,50,1.35,1
1125,5,1,0,29.8,4.8,0.388,11.0,7,1,38,0.91,1
1196,7,1,0,33.6,6.3,0.28,51.2,5,1,39,0.21,0
1227,8,1,0,44.0,5.9,0.387,97.0,3,1,48,1.06,2
1050,3,1,1,43.0,8.4,0.488,59.5,2,1,41,0.43,1
1269,10,1,0,24.4,5.7,0.327,51.2,2,1,65,0.61,2
1153,6,1,0,39.0,5.7,0.231,248.0,3,0,67,0.72,1
1270,10,1,1,55.6,8.9,0.614,124.2,7,1,41,2.21,1
1585,19,0,0,37.7,5.9,0.27,112.0,3,1,56,,0
1394,14,0,1,31.7,8.4,0.31,128.5,6,0,49,0.21,1
1104,4,1,0,41.2,5.3,0.314,154.4,6,0,50,0.36,0
1347,12,1,1,43.7,9.9,0.448,78.8,4,0,37,0.22,2
1594,19,0,0,18.6,5.1,0.337,39.6,8,0,49,,1
1535,18,0,1,33.4,6.9,0.342,133.4,3,1,67,0.57,1
1548,18,0,1,46.0,2.9,0.319,52.6,5,0,51,,1
1147,6,1,1,50.2,4.4,0.039,55.2,7,0,36,0.31,1
1331,12,1,1,36.1,6.5,0.229,40.8,2,0,46,0.98,0
1080,3,1,1,54.0,7.5,0.425,153.1,5,0,33,1.42,2
1245,9,1,1,36.8,3.7,0.436,114.3,8,0,26,0.1,0
1137,5,1,1,51.5,8.0,0.491,135.3,6,0,42,0.52,1
1392,14,0,1,35.1,5.1,0.113,70.0,8,0,24,0.42,1
1210,8,1,1,53.2,7.9,0.335,43.3,2,0,67,0.28,1
1255,9,1,1,38.1,9.1,0.328,43.8,8,1,30,2.22,1
1228,8,1,0,40.9,6.6,0.266,60.4,2,1,30,0.11,1
1558,18,0,1,35.4,4.6,0.078,237.8,6,1,42,0.2,1
1302,11,1,0,27.8,6.2,0.267,60.7,7,0,23,0.22,2
1215,8,1,1,64.0,6.4,0.07,60.3,3,1,49,,1
1360,12,1,1,42.7,7.4,0.569,74.4,2,0,52,0.54,1
1276,10,1,0,51.1,6.9,0.5,62.4,2,1,58,3.32,1
1127,5,1,0,37.5,4.0,0.236,47.8,7,0,30,0.25,1
1406,14,0,0,54.0,7.7,0.306,60.3,5,1,47,0.17,2
1136,5,1,1,31.7,6.4,0.404,66.2,7,1,44,0.13,1
1182,7,1,1,41.5,6.3,0.082,46.5,5,0,22,0.1,1
1072,3,1,1,27.7,7.8,0.465,199.2,2,0,37,0.13,0
1561,18,0,1,38.2,4.8,0.322,213.8,3,0,39,0.6,1
1304,11,1,0,19.6,3.5,0.243,17.0,8,1,52,0.12,1
1268,10,1,0,28.8,7.0,0.354,63.1,4,1,59,1.65,0
1546,18,0,0,42.9,6.5,0.348,50.0,4,1,41,0.1,2
1213,8,1,0,29.4,7.2,0.375,71.0,2,0,65,0.44,1
1257,9,1,1,119.0,7.1,0.538,44.3,3,1,31,0.34,1
1277,10,1,1,41.5,7.1,0.183,226.6,7,0,29,1.14,3
1036,2,1,1,62.2,8.1,0.202,107.4,4,1,38,1.41,1
1175,6,1,1,23.8,8.1,0.203,29.5,4,0,52,0.5,2
1343,12,1,0,28.5,5.2,0.329,54.5,2,1,66,0.61,2
1550,18,0,0,58.0,3.0,0.364,96.4,7,0,64,0.76,1
1327,12,1,1,30.9,7.1,0.112,121.5,8,1,37,0.33,1
1296,11,1,0,39.3,4.5,0.298,44.5,8,1,22,3.87,2
1056,3,1,1,29.2,7.3,0.619,65.7,6,1,40,0.1,0
1074,3,1,0,32.5,6.2,0.292,80.2,7,0,31,0.53,1
1606,20,0,0,44.7,6.1,0.299,55.5,5,0,48,5.0,0
1105,4,1,0,40.8,6.0,0.365,13.2,5,0,56,2.15,1
1006,1,1,1,47.9,8.5,0.324,57.6,7,0,43,0.16,2
1609,20,0,1,36.3,4.0,0.347,48.5,5,0,50,1.35,1
1401,14,0,1,40.0,3.9,0.306,,2,0,33,0.1,3
1440,15,0,0,38.4,6.8,0.34,39.3,2,1,24,0.58,2
1380,13,0,1,35.8,5.8,0.153,23.7,2,1,55,1.92,1
1092,4,1,0,30.2,7.2,0.289,84.2,6,0,53,1.52,1
1471,16,0,1,56.0,4.7,0.396,31.8,8,0,37,0.43,1
1269,10,1,1,29.5,7.8,0.441,52.5,2,1,65,0.61,2
1103,4,1,0,46.2,6.0,0.26,45.8,5,0,48,1.13,0
1239,8,1,0,28.4,3.7,0.355,99.8,3,1,22,1.01,1
1303,11,1,1,41.1,6.5,0.064,62.9,4,1,37,1.95,1
1299,11,1,1,28.7,10.0,0.379,117.7,3,0,61,0.19,1
1006,1,1,0,39.2,6.7,0.35,56.8,7,0,43,0.16,2
1513,17,0,1,34.4,10.1,0.417,38.9,7,1,64,1.39,0
1326,12,1,1,61.1,7.1,0.039,35.5,3,0,33,0.2,1
1019,1,1,0,23.6,7.4,0.204,102.2,3,0,67,0.72,1
1122,5,1,0,21.7,4.9,0.264,32.4,5,1,62,1.31,1
1022,2,1,1,40.2,9.5,0.277,70.2,6,0,63,0.83,2
1431,15,0,1,28.6,4.2,0.106,38.6,6,1,60,,1
1275,10,1,0,39.3,5.8,0.346,30.0,8,1,54,1.94,1
1434,15,0,0,32.5,3.3,0.283,175.3,3,0,43,0.1,0
1172,6,1,1,43.3,7.4,0.115,46.4,2,0,40,0.12,3
1549,18,0,1,33.6,6.8,0.32,36.4,8,0,39,,1
1562,18,0,1,38.2,6.5,0.351,48.4,7,0,43,0.25,2
1182,7,1,0,34.0,5.0,0.24,41.2,5,0,22,0.1,1
1185,7,1,0,42.9,6.2,0.409,91.9,5,0,42,0.66,2
1407,14,0,0,45.9,6.8,0.337,72.4,5,0,29,1.56,2
1226,8,1,1,54.9,5.9,0.627,119.4,3,0,60,0.7,2
1521,17,0,0,46.8,5.5,0.212,123.4,5,0,35,0.6,1
1364,13,0,1,34.9,8.8,0.546,52.6,4,0,40,0.46,2
1381,13,0,0,118.0,5.4,0.389,33.8,4,0,22,1.0,2
1428,15,0,0,19.3,6.1,0.327,36.7,3,0,51,0.74,3
1079,3,1,0,39.0,5.1,0.274,98.9,8,0,56,0.42,2
1370,13,0,1,40.6,10.1,0.258,57.8,8,0,62,0.98,2
1616,20,0,1,42.5,7.8,0.306,148.8,7,1,23,0.61,2
1608,20,0,0,34.8,5.4,0.323,88.8,6,0,22,0.41,1
1489,16,0,1,28.5,6.0,0.225,47.8,7,0,40,0.1,1
1519,17,0,1,33.6,5.9,0.132,100.6,2,0,46,0.1,1
1418,14,0,1,46.4,5.7,0.306,122.3,2,0,53,1.42,1
1477,16,0,1,53.2,4.4,0.449,34.4,8,0,58,0.95,0
1319,11,1,1,40.2,5.8,0.453,54.6,4,1,23,1.75,2
1560,18,0,0,25.0,7.7,0.151,60.4,4,1,48,0.1,1
1207,8,1,1,51.5,6.3,0.618,78.0,4,1,62,0.1,2
1051,3,1,1,31.0,6.8,0.02,63.4,7,1,30,1.09,1
1595,19,0,1,21.4,7.6,0.483,104.6,2,1,26,0.1,1
1547,18,0,1,43.4,7.1,0.435,90.4,5,0,58,1.6,1
1437,15,0,0,26.7,3.5,0.357,61.1,5,1,60,0.33,3
1491,16,0,0,37.1,7.0,0.296,42.3,7,1,31,0.19,2
1633,20,0,1,41.6,3.7,0.304,40.6,8,0,67,0.22,1
1528,18,0,1,28.9,4.2,0.271,57.2,4,0,48,0.14,1
1070,3,1,0,26.6,8.8,0.287,96.3,2,1,22,1.04,1
1169,6,1,1,32.0,7.9,0.33,119.2,6,0,43,0.8,1
1012,1,1,0,39.0,6.5,0.456,64.6,7,1,30,1.25,2
1145,5,1,0,22.8,6.5,0.407,38.5,6,0,65,0.21,1
1278,10,1,1,45.0,4.9,0.26,127.5,7,0,44,0.1,1
1640,20,0,0,48.5,3.9,0.269,59.2,8,0,29,0.1,1
1177,6,1,0,41.0,7.1,0.351,55.7,5,0,35,1.52,2
1355,12,1,1,57.2,6.1,0.101,39.0,6,0,54,0.2,0
1441,15,0,0,30.4,7.1,0.343,59.4,6,0,37,4.47,1
1522,17,0,0,41.4,7.3,0.276,3250.0,5,1,66,1.01,2
1621,20,0,1,54.5,4.7,0.455,65.5,2,1,33,1.6,3
1365,13,0,1,38.9,4.1,0.477,96.5,2,0,30,0.1,1
1144,5,1,0,26.9,4.7,0.274,59.2,6,0,63,0.1,1
1114,4,1,1,48.2,7.1,0.373,89.4,5,0,40,3.32,0
1520,17,0,0,45.5,5.4,0.462,97.4,2,1,44,1.32,2
1183,7,1,1,46.1,5.3,0.685,92.7,6,0,23,0.14,1
1429,15,0,0,24.2,6.2,0.325,76.0,8,1,57,1.34,2
1613,20,0,0,38.3,5.5,0.288,46.8,7,1,64,0.1,1
1393,14,0,1,37.8,6.1,0.213,211.6,7,0,64,3.95,2
1157,6,1,0,29.6,3.8,0.318,171.8,6,1,26,0.4,3
1540,18,0,0,29.4,3.8,0.314,67.3,8,0,49,0.17,2
1462,16,0,0,36.8,4.1,0.393,13.7,2,0,61,1.03,1
1577,19,0,0,21.5,5.5,0.4,28.1,6,1,45,0.26,1
1256,9,1,0,25.6,6.0,0.299,111.1,8,0,41,0.1,2
1340,12,1,1,54.4,6.7,0.428,60.9,4,0,31,0.1,2
1367,13,0,1,40.8,3.8,0.314,68.7,3,0,65,0.18,1
1561,18,0,0,38.0,5.2,0.34,177.6,3,0,39,0.6,1
1209,8,1,0,34.9,8.8,0.425,13.7,4,1,35,0.55,2
1271,10,1,1,48.9,8.7,0.697,36.4,4,1,40,2.39,2
1002,1,1,0,42.3,6.9,0.198,41.1,3,0,52,,1
1270,10,1,0,40.8,8.0,0.616,121.8,7,1,41,2.21,1
1266,10,1,0,36.0,7.1,0.306,30.2,5,0,60,0.32,1
1275,10,1,1,55.0,7.7,0.184,49.9,8,1,54,1.94,1
1231,8,1,0,43.3,4.0,0.263,58.5,5,0,45,0.19,3
1619,20,0,1,39.1,6.7,0.501,,3,0,28,0.99,0
1480,16,0,1,36.5,5.4,0.095,78.8,2,1,64,1.28,0
1614,20,0,1,29.4,2.6,0.391,122.3,7,0,47,1.45,0
1225,8,1,1,23.2,5.9,0.058,55.6,8,0,54,0.1,1
1427,15,0,1,33.3,5.1,0.431,56.0,8,0,57,0.55,0
1234,8,1,1,47.9,11.5,0.292,91.6,7,1,45,,2
1499,16,0,1,51.7,5.5,0.041,68.3,6,0,28,0.34,2
1399,14,0,0,38.6,6.4,0.181,40.5,8,0,35,0.1,0
1608,20,0,1,37.2,4.7,0.456,117.6,6,0,22,0.41,1
1046,2,1,0,30.1,2.5,0.237,80.0,7,0,45,0.31,0
1162,6,1,0,35.0,5.1,0.428,67.4,3,1,33,2.14,2
1352,12,1,1,42.7,8.9,0.371,85.2,8,0,59,1.51,2
1088,4,1,1,42.6,9.4,0.263,211.8,4,0,28,0.22,1
1630,20,0,0,38.6,6.6,0.376,12.8,6,0,37,0.3,1
1289,11,1,0,38.1,5.2,0.263,62.9,8,0,36,1.65,3
1420,14,0,1,34.2,6.1,0.044,43.7,6,0,25,1.05,1
1603,19,0,1,35.1,7.2,0.297,92.3,3,0,26,1.13,2
1576,19,0,0,24.7,5.7,0.297,41.4,7,0,29,0.5,1
1211,8,1,1,45.9,7.2,0.333,52.1,6,0,51,0.47,2
1272,10,1,1,71.8,6.2,0.105,140.0,6,1,36,0.17,0
1145,5,1,1,26.4,6.9,0.439,59.0,6,0,65,0.21,1
1293,11,1,1,48.3,4.8,0.623,68.0,4,0,45,1.5,2
1461,16,0,1,32.6,3.3,0.32,105.4,5,0,51,0.2,2
1248,9,1,0,31.2,5.7,0.264,45.9,8,0,55,0.1,2
1477,16,0,0,52.6,5.5,0.341,47.2,8,0,58,0.95,0
1086,3,1,0,40.8,5.5,0.446,74.4,5,0,34,1.57,2
1470,16,0,0,40.5,5.0,0.426,69.1,5,0,38,1.88,1
1226,8,1,0,45.0,4.8,0.406,101.7,3,0,60,0.7,2
1135,5,1,1,33.6,8.6,0.309,63.5,5,0,54,1.89,1
1332,12,1,0,27.4,5.3,0.465,33.1,7,0,56,0.52,1
1234,8,1,0,35.4,8.8,0.407,71.2,7,1,45,0.84,2
1589,19,0,0,23.4,7.1,0.333,38.3,5,0,46,0.75,1
1476,16,0,0,37.7,6.4,0.103,72.1,4,1,31,0.1,1
1600,19,0,0,24.1,8.7,0.232,54.5,2,0,65,0.4,1
1422,14,0,0,42.4,7.3,0.443,83.3,3,0,22,3.87,1
1183,7,1,0,32.0,4.0,0.33,58.0,6,0,23,0.14,1
1349,12,1,1,56.5,7.3,0.342,48.1,5,1,29,0.77,2
1361,13,0,1,33.7,8.6,0.24,16.7,7,0,30,1.75,2
1050,3,1,0,30.4,6.7,0.268,41.4,2,1,41,0.43,1
1554,18,0,1,39.3,4.1,0.312,93.8,7,0,40,1.11,2
1390,13,0,1,51.2,4.2,0.557,79.3,6,0,23,0.23,2
1530,18,0,0,35.9,6.7,0.256,39.4,4,0,27,0.45,1
1487,16,0,0,26.7,6.6,0.294,63.7,6,1,43,0.34,2
1498,16,0,0,41.6,5.9,0.355,73.2,7,1,46,0.55,1
1107,4,1,0,35.9,4.0,0.357,278.5,7,0,36,0.58,1
1444,15,0,0,39.7,8.9,0.342,193.0,3,0,48,0.86,2
1007,1,1,1,24.5,6.9,0.377,64.4,7,1,50,0.48,1
1397,14,0,1,40.3,9.8,0.33,40.5,2,0,50,2.73,1
1087,3,1,1,31.6,10.1,0.229,170.6,3,1,57,0.65,1
1191,7,1,0,39.3,7.1,0.25,22.9,7,0,54,,1
1283,10,1,0,35.0,6.2,0.27,116.1,8,1,48,0.15,2
1030,2,1,0,27.8,4.2,0.347,72.0,6,0,52,0.45,0
1170,6,1,0,18.4,7.4,0.323,65.5,6,1,48,1.83,1
1362,13,0,1,18.9,9.1,0.386,30.4,2,0,42,0.1,2
1101,4,1,0,36.2,3.5,0.367,49.1,4,0,57,,2
1198,7,1,0,33.4,7.0,0.133,84.0,5,0,67,1.0,1
1496,16,0,0,25.8,6.2,0.269,78.3,7,1,59,0.1,0
1008,1,1,1,51.0,6.6,0.525,19.8,6,0,65,1.12,1
1348,12,1,1,33.1,4.5,0.501,53.1,8,0,30,0.3,1
1045,2,1,0,31.1,7.0,0.3,75.6,8,0,49,0.19,3
1071,3,1,1,40.6,9.5,0.342,55.8,2,1,62,0.1,1
1374,13,0,0,22.9,7.2,0.32,51.2,5,0,32,1.4,1
1039,2,1,1,35.4,8.0,0.556,166.8,4,0,40,,1
1567,18,0,0,20.9,6.8,0.177,98.8,5,1,39,0.29,1
1208,8,1,1,50.5,10.7,0.282,,5,0,64,1.77,2
1461,16,0,0,30.8,3.2,0.448,106.8,5,0,51,0.2,2
1516,17,0,1,48.4,9.2,0.472,50.3,6,0,67,2.24,1
1040,2,1,0,23.8,5.2,0.486,42.7,5,1,40,0.42,1
1435,15,0,0,39.6,5.9,0.327,132.8,6,0,60,0.86,0
1334,12,1,1,51.5,10.2,0.369,152.8,2,1,43,0.8,1
1368,13,0,1,54.0,9.8,0.568,35.8,6,0,66,1.52,2
1457,15,0,0,39.5,9.0,0.348,51.6,7,0,45,0.75,1
1261,10,1,0,43.1,5.0,0.315,51.4,7,1,57,0.25,1
1036,2,1,0,45.2,6.0,0.238,122.8,4,1,38,1.41,1
1188,7,1,1,38.7,10.0,0.674,77.2,6,0,60,0.1,3
1310,11,1,0,24.2,6.6,0.352,42.8,2,0,28,0.87,2
1277,10,1,0,37.9,6.8,0.345,184.3,7,0,29,1.14,3
1637,20,0,0,43.0,6.3,0.268,62.1,7,1,24,0.71,2
1015,1,1,1,34.8,7.4,0.478,,5,0,67,,3
1623,20,0,0,46.8,6.1,0.376,46.1,7,1,31,1.01,2
1205,8,1,1,54.5,4.8,0.02,119.0,5,1,40,0.3,0
1394,14,0,0,31.3,8.4,0.248,122.7,6,0,49,0.21,1
1108,4,1,0,26.2,3.3,0.365,85.8,8,0,50,0.75,1
1350,12,1,0,41.7,8.4,0.328,86.0,4,1,30,0.14,1
1525,17,0,0,28.9,5.7,0.34,91.8,6,1,59,0.5,2
1145,5,1,1,26.4,6.9,0.439,59.0,6,0,65,0.21,1
1048,2,1,0,28.8,5.3,0.358,31.1,3,1,63,0.22,2
1204,8,1,0,49.2,7.1,0.314,152.5,8,1,41,5.0,2
1022,2,1,0,32.9,7.5,0.26,27.2,6,0,63,0.83,2
1403,14,0,0,36.6,6.2,0.411,119.7,8,0,26,2.82,2
1468,16,0,1,35.0,3.7,0.472,31.5,3,1,24,2.1,1
1515,17,0,1,43.6,3.7,0.249,38.4,6,0,58,2.12,0
1350,12,1,1,57.2,9.0,0.447,106.4,4,1,30,,1
1102,4,1,1,39.2,6.1,0.19,45.4,8,0,65,0.12,1
1508,17,0,1,43.6,5.5,0.401,97.8,5,0,65,2.0,1
1034,2,1,0,35.2,6.9,0.536,62.7,5,0,65,2.22,0
1148,6,1,1,45.6,8.8,0.18,51.8,4,1,60,0.1,3
1284,10,1,1,20.3,5.8,0.418,45.8,3,0,62,0.68,1
1404,14,0,1,21.8,2.1,0.25,44.1,8,1,60,0.12,1
1591,19,0,1,21.7,5.0,0.367,85.8,8,0,66,0.1,1
1580,19,0,0,39.0,5.8,0.344,80.7,8,0,39,1.47,2
1482,16,0,0,41.6,5.7,0.182,42.7,7,0,26,0.64,1
1292,11,1,1,58.1,4.3,0.02,182.0,3,1,25,0.32,1
1357,12,1,0,38.9,4.4,0.231,202.7,3,0,61,0.14,1
1120,5,1,1,53.4,6.9,0.443,45.4,8,0,40,0.22,1
1093,4,1,0,20.1,6.9,0.269,58.2,6,1,64,0.28,1
1536,18,0,1,39.4,6.3,0.279,32.6,6,1,26,0.29,2
1164,6,1,1,37.3,6.7,0.155,123.7,8,1,51,1.16,2
1106,4,1,1,41.6,7.5,0.541,53.3,3,0,33,1.48,3
1280,10,1,0,30.1,3.8,0.414,11.2,3,0,63,0.6,1
1125,5,1,1,38.2,6.6,0.278,19.5,7,1,38,0.91,1
1605,20,0,0,29.5,6.7,0.347,96.4,2,0,64,0.21,2
1626,20,0,1,58.9,6.0,0.064,58.3,2,0,22,0.63,3
1401,14,0,0,36.3,4.9,0.355,75.4,2,0,33,0.1,3
1258,9,1,0,36.4,5.0,0.206,149.5,8,0,24,0.15,1
1305,11,1,1,49.8,9.0,0.61,251.8,5,0,56,0.1,3
1457,15,0,1,34.9,8.4,0.308,44.9,7,0,45,0.75,1
1580,19,0,1,34.8,8.1,0.389,74.5,8,0,39,1.47,2
1522,17,0,1,45.5,7.6,0.405,72.6,5,1,66,1.01,2
1495,16,0,0,29.4,6.4,0.374,25.0,4,0,26,0.62,2
1133,5,1,1,39.0,7.2,0.283,47.4,2,1,61,0.36,1
1551,18,0,0,31.9,4.2,0.169,36.2,5,0,58,0.1,1
1202,8,1,0,29.4,5.6,0.407,38.2,7,1,29,0.45,0
1313,11,1,0,30.0,5.5,0.302,94.1,3,0,34,0.82,1
1291,11,1,0,37.2,5.0,0.332,61.5,7,0,34,0.31,1
1574,19,0,1,32.6,1.3,0.09,137.0,2,0,26,0.67,0
1124,5,1,1,42.6,2.2,0.36,41.3,3,0,50,0.11,3
1497,16,0,1,41.2,6.8,0.396,56.0,6,1,53,0.5,1
1310,11,1,1,25.4,8.7,0.42,59.0,2,0,28,0.87,2
1184,7,1,0,57.0,5.9,0.353,75.6,5,1,37,0.1,2
1537,18,0,1,32.8,6.9,0.155,44.5,3,0,58,0.58,2
1429,15,0,1,27.1,6.0,0.247,105.2,8,1,57,1.34,2
1391,14,0,1,33.4,5.1,0.327,116.3,8,1,46,0.77,0
1251,9,1,0,36.4,7.5,0.267,73.2,5,1,36,0.91,2
1184,7,1,1,69.9,6.5,0.482,180.3,5,1,37,0.1,2
1460,16,0,1,27.8,2.9,0.104,32.7,7,0,28,0.16,0
1301,11,1,1,39.2,8.5,0.362,60.2,8,0,26,0.83,1
1392,14,0,0,134.0,6.9,0.362,68.6,8,0,24,0.42,1
1453,15,0,1,32.6,3.6,0.075,48.2,7,0,41,,1
1552,18,0,1,37.3,8.1,0.083,60.8,6,1,64,0.31,1
1265,10,1,1,47.9,7.8,0.5,31.5,2,0,53,0.15,2
1091,4,1,1,43.7,7.6,0.427,57.8,6,0,34,0.1,2
1555,18,0,0,41.8,5.4,0.32,19.3,5,0,57,0.88,1
1367,13,0,0,34.9,3.1,0.279,82.7,3,0,65,0.18,1
1346,12,1,0,48.1,6.5,0.388,43.5,6,0,25,1.0,2
1536,18,0,0,38.0,6.5,0.348,34.8,6,1,26,0.29,2
1570,19,0,1,41.8,5.0,0.038,48.9,2,0,37,1.11,0
1280,10,1,1,33.9,6.3,0.395,21.4,3,0,63,0.6,1
1212,8,1,0,28.2,5.1,0.26,51.0,6,0,25,0.33,1
1503,17,0,0,46.0,5.7,0.373,75.2,7,1,31,0.75,1
1538,18,0,0,42.4,7.4,0.204,108.6,4,0,61,3.27,1
1581,19,0,1,42.1,5.4,0.258,33.2,7,0,61,2.21,0
1176,6,1,0,45.2,8.2,0.262,27.2,5,0,59,0.91,1
